review_clean,true_emotion,pred_emotion,confidence
saya tidak pernah dikecewakan oleh toko ini pokoknya untuk urusan videografi dan fotografi saya senang belanja di sini,happy,love,0.96069133
lubang hangtag tidak rapih,sadness,fear,0.5396843
respon dan pengiriman cepat packing rapi recommended seller,love,happy,0.5713995
beli baru tapi kok kacamatanya kotor dan usang,fear,anger,0.50896585
not recomended seller gara2 ini toko surprise buat ultah moment yg penting hancur gitu aja parahhhhh nyesel banget banget belanja ditoko ini,sadness,love,0.955868
bakalan jd langganan harga terjangkau pengiriman juga oke,love,happy,0.7977277
mantab barangnya sesuai dengan pesanan dan cepat sampai,love,happy,0.99047756
penjual koperatif pengiriman lmyn cpt bau ny harum seperti di hotel,happy,anger,0.47140983
payah yang dikirim kecil2 diterima byk mati sengaja pilih official dan harga mahal tau gitu pilih yang 2500 aj di toko lain sama aja hasilnya,fear,sadness,0.60035425
jelek sekali packingnya hand body saya pada tumpah,fear,anger,0.63409424
barang mau dikirim pakai ekspedisi ke luar kota tapi tidak dibungkus plastik background basah akhirnya tidak bisa dipakai sama sekali,anger,fear,0.49631307
cairan ini ga cocok untuk xiaomi f600 hancur diffuser nya rupanya cairan ini mengandung oil yg buat korosi material f600 dan garansi diffuser nya pun jd void parah ah,sadness,fear,0.674568
puasssssssssssssssssssssssss,happy,love,0.91808856
pecah gagang seller ga mau tanggung jawab sampe akhirnya tokopedia yang memutuskan bisa direfund,anger,fear,0.4581347
pengiriman lambat tidak sesuai jadwal tetapi puas,happy,sadness,0.48006314
sedikit agak lama pengiriman nya dan pengemasan plastiknya tipis,sadness,happy,0.7781839
kacau udah nanya di chat ini kalau dibikin begini bisa gak dijawab bisa trus udah jelasin di chat begini begitu chipnya harus disini dll trus malah disuruh tulis di email oke lah udah ditulis juga di email begini begitu panjang lebarr bahkan udah dikasih contoh gambar yang jelas posisinya begini ya eh yang dateng gak sesuai dengan requestnya kecewa banget lah nyesel beli disini padahal ngeliat reviewnya banyak yang beli harga juga lebih mahal sedikit dari yang lain tapi begini pelayanannya,fear,anger,0.8841091
udah punya 3 botol dan 1 refill beli lagi biar dpt botol baru yg ada sticker dermatologically tested nya,love,happy,0.84836334
geriginya bendonya kecil banget gak kayak di gambar,fear,anger,0.63895696
pertama pake normal baru 5 menit volume suka kecil sendiri liat riview disini jg banyak masalah barangnya nasib barang promo,sadness,happy,0.40290022
order dari tgl 26 nov baru sampai tgl 05 dec padahal order dari official store itupun setelah kemarin saya follow up sendiri ke ekspedisinya karena status di toped masih menunggu pick up paket sampai pun tidak dipacking dengan aman hanya selembar plastik basah kena hujan kapok ga berani lagi belanja disini melulu dichat ke penjual yang balas sistem dan hanya info masih menunggu pick up,fear,anger,0.45575815
saat baca komposisi deskripsi minuman rasa mangga rada curiga tapi karena terjual banyak tetap beli secara harganya mahal aku pikir full mangga ternyata artificial mangga manis buatan banget ga sehat,fear,sadness,0.72097886
baru 3 hari udh ga ngegrip,fear,sadness,0.600829
frame kacamata nya kurang bagus tipis sptnya gampang patah ngakbseperti kacamata pada umumnya,fear,sadness,0.7935331
pakai esktra bubble udah bayar ternyata saat dikirim tidak diberi bubble,anger,fear,0.45999426
dapet certi eye 2022 berarti memang terbaru terimakasih banyak,happy,love,0.6830415
order pake kardus ternyata dikirim pake plastik doang,fear,anger,0.9220183
well 10 hari baru sampe fix pesanan terlama di tokped saya sobek pula bungkusnya ok thanks sampai dsini,anger,happy,0.7027537
bocorr isinya,sadness,anger,0.5613759
barangggggg okkkkk,happy,love,0.83599836
mudah copot di dasbord lemnya kgk kuat,fear,sadness,0.5759361
udah banyak kali restock dan selalu kembali ke dr soap aja pdhl diluar sana banyak juga handsanitizer yg lain tapi yg trpercaya hanya dr soap deh,love,fear,0.6960977
mantap dapet harga yg miring pengiriman sehari kemudian lgsg sampee packing aman dan rapih expired juga masih 2023 makasihhh,happy,love,0.7319197
belanja ke dua kalinya barang ori packing super aman mantap gan,love,happy,0.5415966
penjual kurang ramah,anger,sadness,0.589495
barang ga bisa dipake lampunya ga nyala dan sensornya rusak,anger,fear,0.5262678
bagi yang mau beli game pass bagus nih di toko ini di layani sampai selesai makasih ngab,happy,love,0.80210227
kualitas bahan sangat baik,love,happy,0.8389366
bocor tutup tidak tertutup dengan rapat,anger,sadness,0.6341607
maaf ya untuk produk yg ini saya kasih bintang 1 karena begitu semprotan pertama sprayer nya langsung tdk bs dipake sudah coba diperbaiki ya ttp tdk bisa seperti nya kahf perlu ganti supplier botol deh,sadness,fear,0.70855075
barang mantapppp original robot harga juga lumayannnn okeee,happy,love,0.7180554
bagusss banget gambarnya sudah dicoba topup dr nfc handphone juga bisa thanks seller,love,happy,0.819828
alhamdulillah sudah sampai sabuknya keren cepet nyampenya pada hal baru kemaren sore pesannya,happy,love,0.7696884
wangi nya kyk parfum refill mirahan,anger,happy,0.64770305
hati2 beli produk nya jangan sampai kecewa berharap dapat hadiah nya malahan zonk niat belanja di official store nya malah dikirim dr toko cabang ga dpt deh hadiah nya,anger,fear,0.76998615
pesan yg eyeliner putih yg dateng malah yg itemmm hmmmmm tolong lebih teliti,fear,sadness,0.72945166
barang rusak tidak bisa adi charge sehinga tidak bisa dipakai respon penjual sangat lambat saya kecewa sbgi pembeli,anger,sadness,0.7777533
asli samsung pelayanan sangat baik,love,happy,0.6758763
lucu tasnya murah sesuai harga sih kualitasnya pas juga dianak saya,love,happy,0.88879067
bukan jam harga mahal yg didiskon tapi jam yang sesuai harga beli dan kualitasnya,happy,fear,0.6206389
nyala tapi item putih dari customer service cuman bilang diotak atik lagi kak padahal uda sejam putar2 kabelnya dicolokan tvnya could have been a better service,sadness,fear,0.655188
nyesel setengah mati beli ni produk beli gara2 liat ulasannya kok positif semua sumpah ini krim baunya ga enak banget kalo boleh digambarkan baunya itu perpaduan antara muntahan bayi dan minyak nyong2 om2 iya separah itu ini yg pada kasi ulasan idungnya pada mati rasa ato gmn ya pengiriman sih cepat dan bagus but sorry the product is a nightmare very pricey tau gini gw ttp beli wak doyok yg wanginya jauh lbh enak dan jauh lbh murah this cream is really2 not recommended,sadness,fear,0.6196605
seller komunikatif pengerjaan cepat udh repeat order,love,happy,0.6757359
keren banget adminnya dibantuin dari awal sampai akhir hehe fast respon juga ini gamenya bisa semua yaa,happy,love,0.6337427
awalnya saya kira belum dibuka untuk diisi freemcboot tyt sudah dibuka tinggal tes di mesin thx,happy,fear,0.5186184
ko ga membantu dalam masalah jerawat malah nambah banyak,sadness,fear,0.5553408
memang sih murah barangnya tp boleh lah ya komplain btw ini sy yg ga bisa make nya apa barangnya yg rusak ya udh pake splitter jg ga fungsi,fear,sadness,0.5475587
lembut banget bagus pegannya juga nyaman bobotnya sedang ngga berat juga ngga yg ringan2 banget,happy,love,0.5826021
ga dikirim barangnya,sadness,anger,0.57493645
packing perbaiki buku datang sudah penyok,anger,fear,0.4532549
sdh order ke 3 harga murah pengemasan super aman tidak pernah ada yg rusak sy terima,love,happy,0.6378436
barang ngga sesuai minta warna hitam yg dikirim warna biru pas chat tulisannya all ready stock ujung2nya bilang barang yg diinginkan habis lalu main kirim yang tidak sesuai dgn permintaan,anger,fear,0.55459446
tolong di perhatikan bagian karet nya ini kebalik karetnya ga sm lurus jahit nya malah dkirimin brg reject,sadness,fear,0.7373456
tokonya tidak sportif tidak koperatif pengalaman buruk belanja di toko ini barang cacat diajukan keluhan tapi tidak bertanggung jawab di chat lewat tokped ataupun wa tapi tanggapannya muter muter doang kebanyakan basa basi padahal tidak mau bertanggung jawab lu makan tuh uang buat istri lu hati hati dengan toko ini,anger,fear,0.5053588
dusnya robek dan terbuka kemasannyaa,fear,sadness,0.686116
barang sampai dg cepat ttp dlm kondisi basah dan bau apek kenapa bisa begitu ya padahal didalam plastik,fear,anger,0.49998236
tidak sesuai gambar,sadness,fear,0.63165367
pesan 3 yang sampai 2 semoga berkah deh yg curangin,anger,fear,0.42726076
beda yg dipesen sama yg datang,fear,sadness,0.7391708
beli 3 pcs 2 pcs tidak berfungsi barang disegel service dan pernah bongkaran komplain dipusat resolusi tidak dtanggapi,sadness,fear,0.4269095
thanks atas respon nya informasi yg diberikan jelas product nya oke bgt uda 2x order kesini barang yg di kirim rapi n cpt sampe nya,love,happy,0.70269096
wangi amis tdk seperti merk lain,anger,sadness,0.48417723
jamnya bagus banget produk sesuai dengan foto nyaman dipakai,love,happy,0.6565777
lilinnya udah rusak banget goldnya,fear,anger,0.52210486
percuma pakai box extended kardus unitnya tetap aja penyot kecewa lah kasih bobble warp kek,sadness,anger,0.6358913
percuma jg kasih buble warp dikasih brg reject pabrik ga bs kasih pot pula rese,anger,fear,0.50120157
chatt hampir ga ada respond,anger,fear,0.6441903
minta warna coklat dikirim hitam bilangnya ready,sadness,fear,0.33894417
lama bgt,anger,sadness,0.47618562
uda di noted tulung di cek baik baik mungkin drivernya kali ya yg patahin 1 j hook patah 2 3m rusak kyk keteken kucel mirip duit lama pdhal pembelian pertama memuaskan knpa yg kedua begini lain x tulung di cek lebih teliti lagi yah,fear,sadness,0.42249578
barang udah sampai maaf baru konfirmasi sesuai review di yt barangnya rekomended buat yang mau menekan cost,love,happy,0.51368964
pesannya hitam datang barangnya biru kesal kali dan malas komplain,anger,sadness,0.790592
terakhir chat sekaligus memastikan bilangnya merek gm bear yg akan dikirim ternyata kardusnya ajah yg merek gm bear tp isinya merek lain buck i barang datang ga sesuai kesepakatan ini mah bohong namanya,fear,anger,0.66602427
pesan tanggal 2 maret jam 9 pakai pengiriman instant sampai nya tanggal 3 maret padahal sudah bayar mahal dikirimnya keesokan harinya bukan salah pengantarnya driver go send nya sudah mengantarkan paket dengan baik tapi durasi proses dari toko sangat lama padahal butuhnya tanggal 2 maret makanya saya pilih pengiriman instant saya juga sudah tanya pihak toko jika paket bisa dikirim hari itu juga atau tidak jawabannya bisa tapi kenyataannya paket saya tidak dikirim pada hari itu juga kalau tidak bisa dikirim hari itu juga ya bilang saya juga sudah ajukan cancel pesanan juga tidak ada respon dari penjual pelayanan sangat sangat buruk tidak recommended semoga lebih baik lagi kedepannya,fear,sadness,0.39422655
baguusss sarungnya,love,happy,0.74117416
dipenjualan tertulis obeng magnet bohong obengnya ga magnet sama sekali akan sulit untuk yang baru belajar jika tidak memiliki alat yang lengkap kecewa parah,sadness,anger,0.78749466
mudah n awet tp kainnya kurang nyerap kalo di lantai granit masih ninggalin bekas,sadness,happy,0.42903504
dapat bekerja dengan baik dan nyaman di kuping bassnya mantaap,love,happy,0.5262465
kalo mau kirim baca note nya dong masa tiga2 nya dikirim warna sama trus fungsinya catatan buat apa,anger,fear,0.57953775
pengiriman sangat lama diluar estimasi yg tercantum,fear,sadness,0.6692422
promo yang ditawarkan marketing s3 payah alibinya free gimmick hanya berlaku pada toko di wilayah tangerang sedangkan barang yang di tawarkan di toko tangerang tidak ada free gimmick tersebut tapi kenapa dicantumkan di toko cabang aneh sekali,anger,fear,0.6877998
patah kaitannya gak bsa dipake deh,sadness,fear,0.47759208
dari segi estetik bagus banget tapi cengkramannya kurang jadi kalo di pake kadang suaranya geter meskipun bisa dipake dengan harga segitu sangat worth it apalagi designnya yang elegant,happy,love,0.62328047
baru dua kali di pake udah mulai rusak kainnya gak rekomendasi banget barangnya mudah rusak,fear,sadness,0.5886494
aromanya bikin pusing dan mual,anger,sadness,0.6699735
pesen 2 lapis dikasih selapis untung aja visornya aman amsyong,anger,happy,0.6445146
barang tidak lengkap,fear,anger,0.4988277
seller tidak ramah sedikitpun saya mau batal dulu baru nambah pesanan biar hemat ongkir seller tidak mau menerima pengajuan pembatalan saya katanya harus check out ulang lg dgn dana lbh besar di deskripsi produk jg ga ada aturan ini ya ga mau lah nanti dikirim dua2nya sama seller rese macam gini rugi dobel nanti tokped juga tidak bisa membantu sedikitpun cuman suruh diskusiin aja terus sama penjual keras kepala macam ini very not recommended kapok,sadness,fear,0.6571263
alhamdulilah jilbabnya bagus nggak nerawang dapat diskon juga dari tokped makasii seller,happy,love,0.861447
pengiriman cepet banget bahan dan kualitas bagus banget,love,happy,0.5701018
packing pengiriman kurang aman hanya dilapisi plastik tipis sehingga dpt menyebabkan kerusakan pada produk dan produk yg saya terima mengalami lekukan pada tutup dan menimbulkan bercak sehingga tidak bisa menutup rapat sehingga untuk ke depan mohon dapat memberikan packing yg lbh aman agar penjual dan konsumen sama2 nyaman,sadness,fear,0.8226424
packingnya best banget deh pokoknya aman kotak juga di double in ada sterofoam didalam kotak jadi botol aman,love,happy,0.68852884
barang tidak sesuai gambar payah,anger,sadness,0.6445781
kualitas barang bagus harga relatif murah kiriman super cepat response penjual baik recommended seller bintang 5 terima kasih yah semoga sukses usaha nya aamiin,happy,love,0.70225716
barang tidak dikirim dikasih resi kosong,fear,anger,0.49843127
sablonan tidak bagus klo dicuci nempel,sadness,fear,0.5825275
barangnya original kemasan disegel tapi kok gk ad buku garansi y sma anti gores sofkeswarna sesuai pesanan,happy,sadness,0.39122736
pegawai nya kurang fokus nih pengiriman kurang satu bukunya kirim lagi dengn nama yang lain lagi,anger,fear,0.49279392
udah pesen pke dus gak ada dus nya mending gak udah pke dus dah,anger,sadness,0.35520354
packing hancur sampai lebur sampai rumah,sadness,anger,0.6488966
kondisi barang agak kotor sulit dibersihkan,fear,sadness,0.6863986
proses pesanan dan pengiriman barang cukup cepat produk sesuai deskripsi seller responsif sukses dan tetap jaga protokol kesehatan ya seller terima kasih,love,happy,0.9840984
tidak menerawang mudah dibentuk jahitan rapi bahannya adem nyaman dipakai modelnya cantik warnanya cantik,love,happy,0.5998365
delivery packing mantap pengiriman cepat barang build quality mantap solid responsif juga kyknya beneran ori rumble ada amiibo ke detect klik home button auto on,happy,love,0.5103278
padahal yg diminta dino sama unicorn mlh yg dtg mickey mouse anak saya kecewa loh mba,sadness,anger,0.8333257
bahan dan model bagus hanya saja size terlalu kecil udah up 1 size masih ngepas modelnya kekinian,happy,sadness,0.7099601
pengriman lama bukan dr kurirnya tp sellernya yg lemot krim ke ekspedisi nya dn barang juga kurang 1pcs,anger,fear,0.5904096
nyaman untuk olahraga harga bersaing dijamin termurah,love,happy,0.783218
pesan 3 buah xxxl ukuran lingkar dada 52 cm yg datang 43 44 dan 45 cm jauh bos ukurannya cuma kepake buat lap motor aja ini mah,anger,sadness,0.6128051
pelayanan sangat memuaskan dan memberikan yang terbaik penjual sangat responsif untuk menjelaskan kalau di tanyain,happy,love,0.5826582
lain kali sebelum kirim barang di cek dulu berfungsi atau tidak pertama dinamo ny tidak ada yaa walaupun seller kirim dinamo nya tapii tetep tidak berfungsi motor nya lampu musik tombol dan mesin ny gk nyala udh di ces berhari ttep ajh gk mau nyala,fear,sadness,0.5712434
sangat kecewa ini real yg saya alami silahkan baca chat saya dgn seller ini sebelum membeli barang dikirim tidak sesuai pesanan sudah diretur tapi cerdiknya seller tidak mengirimkan pesanan saya yg seharusnya saya pesan sudah 15 hariii lhoo guys uang tidak kembali barang pun tidak sampai haha silahkan saja jika seller sanggup bawa ke akhirat semoga kalian tidak tertipu seperti saya,anger,sadness,0.8159938
barang jelek sesuai harga,sadness,anger,0.662367
recommended barang sesuai seller gercep pengemasan mantap banget,happy,love,0.94627035
kapok beli disini,anger,fear,0.8436046
respon lambat,fear,sadness,0.72871476
kualitas barang jelek penguncinya sudah patah saat baru dibuka,anger,sadness,0.5814487
burung sakit sama kaki nya ga normal bang kenapa di kasih ke saya,fear,anger,0.66839325
mesen 4 yg datang hnya 3 saja yg satu bosnya kosong ngk ada isinya,fear,anger,0.46987665
sangat jelek krn kiriman tidak lengkap,anger,sadness,0.5200618
ada cacat sedikit dan overpriced untuk plastik seperti itu,fear,sadness,0.46881437
kurang sesuai dengan deskripsi yg katanya muat untuk 7 13 tahun anak 10 tahun aja kekecilan panjangnya juga bukan 78 hanya 75,fear,sadness,0.51555735
barang di terima banyak yg bocor keluar dan banyak yg kosong barang tidak sesuai deskripsi,sadness,fear,0.73341995
hadiah gak di kirim toko offical tapi gak amanah kapok dah,fear,anger,0.79710805
awalnya saya tanya 9 warna semua ready setelah bayar 27 jam kemudian baru dibilang beberapa 4 warna habis jgn kayak gitulah jadinya sy harus cari lagi warnanya,sadness,fear,0.50014067
barang sesuai build qualitynya cukup oke respon seller jg cepat overall selalu puas belanja disini thx,happy,love,0.74610263
beli 2 kotak isi total 20 buah pie terdapat 5 buah pie yang sudah jamuran padahal paket langsung dibuka sesaat setelah diantar kurir dan expire date juga masih 1 bulan lebih coba cek ulasan banyak pembeli juga mengalami kendala pie berjamur jelek sekali kontrol kualitas pie susu ini kasian reputasi toko ini ikutan rusak gara gara produk yang tidak dijaga reputasinya oleh pemilik produk maaf ya kaka penjual ini ulasan jujur mungkin bisa disampaikan kepada produsen produk agar memperbaiki kontrol kualitas produknya,fear,sadness,0.48124805
barang sesuai deskripsi pegangan kokoh dan stabil packaging aman dan bagus orderan ke 4 selalu puas seller gercep hari minggu dikirim kurir cepat next order lagi,love,happy,0.6062217
bocor dari sambungan karet ke keran dan bocor dri tengah2 tempat drat karna gk rapat mau di rapatkan gk bisa karna terasa sudah mentok,sadness,fear,0.57132035
bahan ny sih bagus cm sayang pesen nya 2 datang ny 1 d chat ke seller ny jg d d baca boro boro ada penjelasan seller g asiiiik g bs d ajak komunikasi,sadness,fear,0.4214476
barang sudah sampai dengan selamat barang sesuai dengan deskripsi produk packing oke recommended seller,love,happy,0.94213575
tidak suka dengan respon yg tidak bagus banget,anger,sadness,0.5832009
bahan bukan katun asli,sadness,anger,0.76742077
sesuai randomnya bahan sesuai expektasi terima kasih,love,happy,0.96495414
awal dikirim brg sih packing rapih ya tp ada bocel sm kaki tripod karetnya ada yg ilang trs saya balikim barangnya saya kasih bubble wrap buat balikin tp seller kirim brg barunya sama sekali ga pake bubble wrap alhasil banyak lecet penyok2 dibilang dr seller ktnya hrs xtra bubble wrap tau gt saya balikinnya gausa make bubble wrap,anger,fear,0.44162622
check in nya gampang bgt cuma kasih liat aja invoice sama ktp next mau lah order voucher lagi di sini makasih,love,happy,0.8476226
alat linting nya patah rusak,fear,anger,0.5208501
sudah kuduga kalau beli banyak pasti ada beberapa yang barangnya dikasih dalam kondisi cacat dan ternyata beneran dong wkwk yang pecah malah barang di urutan ke 4 9 dari total 24 item yang saya order kualitas barang ternyata hanya plastik tipis tidak sesuai perkiraan saya karena yang ditampilkan toko hanya tampilan depan saja overall i wouldn t recommend this to y all,fear,sadness,0.7238188
efektif menyaring kotoran manteb lah jadi jernih banget ini air,happy,love,0.6141818
kok hancur tempenya saya dikasih yg puing2 tempe yg utuh hanya beberapa kecewa sih kan saya di sini bayar,sadness,anger,0.87391347
karungnya super tipis tidak sesuai di gambar,anger,sadness,0.43993622
baso nya asemmm basi rasa ngga enak banget deh mungkin orang beda beda yah soal rasa untuk luar pulau pikir2 deh klau mau beli di jamin basiii,anger,sadness,0.72716
maaf saya kasih bintang 1 karena paketnya tidak sampai ke saya langsung sempat nyasar ke tempat lain karena penerimanya sama dengan nama saya untungnya penerimanya langsung menghubungi saya tapi pas saya ambil ternyata isi nya cuma 1 box sesuai foto padahal saya pesan 3 box si penerima mengaku tidak mengambil 2 box sisanya alamat bisa tidak sampai ke saya karena label alamatnya tidak dibungkus pakai lakban kertas bening jadinya berdebu kena air bisa pudar kan,fear,sadness,0.44297197
pengirimannya cepat amanah,love,happy,0.9951864
mantap datang lengkap sesuai dengan orderan saya dan saya puas belanja disini selama dapat cashback gede,happy,love,0.83915836
pesan warna coklat yg sampai warna abu abu lain kali tolong klo mau jualan lebih profesional lagi,anger,fear,0.68224335
barang nya sampai dengan selamat sudah di coba dan lumayan bagus sesuai harga next akan beli lagi alat yang lainnya packaging aman dan bagus,love,happy,0.9182237
chat tidak di balas kuota yang di janjikan 50gb nya tidak masuk hancur la parah parah,anger,sadness,0.65255773
no good tidak puassss,anger,sadness,0.36190897
batery remote stick cepet habis signal remote juga kadang ada kadang tidak ada apa ada ide agar awet dan signal stabil,fear,happy,0.7781439
layanan seller sangat jelektidak ada pemberitahuan di deskripsi toko atau di deskripsi produk kalau order diatas jam 12 di proses besok karena alasan overload penjual telat memproses order konsumen tidak mungkin memahami kasus overload seharusnya kalau overload produk tidak di munculkan atau toko stop terima orderan jangan konsumen jadi korban overload sellersaya order dengan ongkir reguler tapi hasilnya sama dengan free ongkir ini namanya bentuk penipuan ke konsumentokopedia sebagai platform harusnya berhati hati dengan seller yang tidak memberikan pelayanan terbaik,anger,fear,0.53197
respon dan proses cepat pengiriman juga toko rekomendasi,love,happy,0.89273417
barang bagus segel utuh original berfungsi dengan bener seller respon nya ajib cepat amir uda gt kasi sarannya pas banget lg dengan kebutuhan mantabbb,happy,love,0.76256996
earcupnya lembut best value headset sound mantap nyaman dan praktis tinggal plug and play mantaaaap laaah buat gamer,love,happy,0.94506395
bahan bagus sih tapi warna foto sm asli beda,happy,sadness,0.49404812
packingnya cm kresek krg aman jd pas dateng peot pdhl buat d jual haduhh,sadness,fear,0.31150594
barang tiba dengan aman mantap deh terimakasih,love,happy,0.7863962
penjual sama sekali tdk memperhatikan catatan pembeli malahan menyalahkan pembeli,anger,fear,0.5787476
udah beli banyak ada 1 yg rusak mau tukar ga bisa pake belibet aturan cape deh,anger,sadness,0.41858315
sangat kecewa dengan barang yg di terima segel samsung sudah terbuka katanya dari sananya di dlm plasti segel ada kartu byu sudah di buka segel pelaatiknya yg makin parah layar banyak sidik jari tertinggal baru buka curiga curang tokonya barang mukin di tukar2 sama yg kw seperti kepala carger kabel dll hati2 di toko ini harus lebih waspada dan di tanya detail kedua penjelasan juga gak bisa selalu bilang gak tau kaka dari sana dari sana kalo dari samsung asli sesuai pembicaraan buat apa samsung buat segel bahkan ada tulisan jangan terima segel rusak kurang baik pokonya toko ini ngerasa barang bekas,sadness,fear,0.7208407
ringan bgt enak dipakainya dan batang pel nya kokoh ga nyangka harga semurah ini tp kualitasnya bagus bgt pel an nya bs mutar 360 derajat bikin gampang ngepelnya ga harus manuver belok2 bikin pegal,love,happy,0.68641603
baru dipake 6x charger indikator udh ga nyala udh ga bisa dipake gimana ini sampe sekarang belum ada tindakan nyata pengurusan garansi 28 10,fear,sadness,0.48792648
puas banget sempet error di kurir mau pake gercep seller nya respon bgt sama2 cari solusi order ulang ga pelit ada yg dikasih tambahan dikit2 makasi ya kak jaya selalu tokonya,love,happy,0.5092543
ga berfungsi dengan baik,sadness,fear,0.7054614
halo penerbit haru bukunya sampai dengan cepat tapi pengemasannya sangat kurang mohon menggunakan bubble wrap supaya tidak terjadi kerusakan dalam pengiriman sangat disayangkan pengemasannya tidak ada pengamanannya jadi buku yg saya terima sedikit kurang baik terimakasih,sadness,fear,0.52245075
mantap,happy,love,0.88937515
mantap kalau di cium aromanya sedikit ada perubahan dari yang sebelumnya,love,happy,0.72047615
pesanan sesuai warnanya cuman bahannya tipis banget ya kalau dipakai foto masih tembus bagian belakang tapi kualitas menyesuaikan harga sih,happy,sadness,0.6470344
sprti barang bekas,anger,sadness,0.54143953
alhamdulillah brng sdah sya trima recomended,happy,love,0.9105187
mantabsss barang ori rambut makin subur dan sudah agak kelihatan warna hitam nya,happy,love,0.5107871
mantap packing rapi mantap pokoknya,love,happy,0.9279401
ga sesuai dengan yg di posting,sadness,fear,0.7787273
produk sesuai pengiriman cepat packing aman recommended seller,love,happy,0.69843626
recommended seller fast respons kualitas barang cukup sesu i harga terimakasih,happy,love,0.68109155
pesanan udh selesai apaan orang barang tidak di terima sudah ajukan komplain nungguin lama sampe saiki ga dpt barang malah di minta penilaian barang kecewa berat deh,anger,sadness,0.60078555
bintang yang berbicara,happy,sadness,0.7797729
sesuai proses n pengiriman cepat responsif recommended barokah terima kasih,love,happy,0.949493
3 penyok parah banget gk layak jual dan sobek parah padahal udh sering beli dikasihnya jelek banget gg bang,sadness,anger,0.9231802
gan ini gimana ya gorrilapod nya ga cocok sm kamera saya bahkan untuk bawaannya aja ga bisa masuk ga sesuai yang di gorillapod terlalu besar padahal saya sudah diskusi tanya apakah bisa untuk fuji xa 3 dan agan jawab bisa ini kebesaran ga muat di lubangnya di lubang untuk jd tongsis hp pun ga bisa dipasang barangnya bagus tapi ga sesuai dan gak bisa saya gunakan jadinya,anger,fear,0.6289268
gk nyalah parah,anger,fear,0.56287384
respon jelek,sadness,anger,0.84468794
barang sudah sampai beberapa hari tapi baru hari ini sempat dibuka dan mau dipakai ternyata ada jahitan di dalam yg terbuka negative quality control,sadness,fear,0.5925117
mantul langsung nempel,love,happy,0.75114083
katanya disuruh pakai bubblewrap utk keamanan barang tapi tetep aja barangnya ga dikasih bubblewrap padahal berbayar,sadness,anger,0.9281562
debessss,love,anger,0.88345903
jelek bgt bikin kecewa,anger,sadness,0.69064593
puas banget dengan sofa nya bagus dan adminnya sangat membantu saya minta tolong sebelum tahun baru dan benar hari ini barang langsung sampai terima kasih banyak,happy,love,0.6442462
mantappp responnya juga memuaskan sudah dicoba dan dipasang presisi dan nyaman cas juga responsif,happy,love,0.5846883
pembelian ke 2 besok2 packingnya tolong di benahi cuma bubble doang lakban seadanya bolong sebelah,fear,anger,0.72504693
bukunya sampe di makassar rusak ujungnya baru sempat unpack entah cara packing nya kurang tebel or kurirnya bermasalah agak ga rela sih soalnya bukunya lumayan mahal,fear,sadness,0.8855168
barang error 1,sadness,anger,0.43752557
sudah nga secepat dan serapi dulu,sadness,fear,0.4298444
susah d pakainya angin banyak yg bocor,fear,sadness,0.5610454
plastik pecah jd lembek sebagian,fear,sadness,0.7574726
barang cepat sampe penjual fast respond cuma dpt produk yg covernya agak lecek,happy,fear,0.47179976
barang mendarat produk original sesuai dengan deskripsi kemasan rapi seller ramah fast respon pengiriman pun cepat pokok nya recomended dah makasih tokopedia makasih admin,love,happy,0.82506245
udah 2x beli ga awet banget yg pertama rusak rel nya macet beli lagi eh relnya kendor ga mau kenceng beltnya,anger,sadness,0.6395247
barang tipis banget jd sampai udh pecah jd langsung buang tempat sampah,sadness,anger,0.5051579
maaf ya kak kasih bintang 3 soalnya bagian dalam tas sobek terus reseletingnya dol susah dibuka tutup lain kali tolong cek dulu,sadness,fear,0.6582037
pembelian yg kesekian kali disini,happy,anger,0.33520633
barang pecah bagian atas kecewa,sadness,anger,0.473236
kesekian kalinya order disini gingseng nya ckup membantu untuk menaikkan imun tubuh dalam kondisi saat ini selain bisa digunakan untuk soup ayam bisa juga direbus dan diminum air rebusannya thank you,love,happy,0.710592
ga ada packing bubble nya,anger,fear,0.5990894
pengiriman lama banget kurirnya gagal pickup terus setrikanya ternyata besar dan lumayan berat packingnya tipiss cuma bublewrap selapis kualitas strikanya jg kurang menurutku soalnya ga terlalu panas jd lama setrikanya,fear,sadness,0.59871465
harga di struk yang dimasukkan di kotaknya beda dengan harga yang ditampilkan di tokopedia kok bisa harganya lebih mahal ya di struk beda jauh harganya,fear,anger,0.67901146
modelnya cantik bahannya adem nyaman dipakai jahitan rapi warnanya cantik mudah dibentuk,love,happy,0.8230942
bagus bgt seller baikbgt minta tolong kirim hari ini karena buru2 buat kado lgsg dikirim dan hasil cetak fotonya jg bagusbgt,happy,love,0.91365725
barang palsu bukan hot wheels original made in china bukan made malaysia spt diskripsi,fear,anger,0.6496816
artemia dtg udah byk yg mati,fear,sadness,0.46829125
warnanya lucu kecil dan ringan tp jd keliatan ga kokoh kayak mudah rusak barang datangnya kayak ga baru banyak yg lecet di body embernya tangkainya mesti di wrapping biar ga gesek ke body ember,fear,sadness,0.5931365
warna yg dipilih kuning knp dikasih yg hijau,anger,fear,0.3994751
lama pengirimannya,fear,sadness,0.6314039
respon seller lambat 2 hari dl baru barang dikirim,fear,sadness,0.39156258
tidak pengaruh,sadness,anger,0.45532075
barang diterima dg aman udah di tes duduk pake dimobil nyaman dan kualitasnya bagus dan tebal dulu pembelian pertama di toko ini juga 1 tahunan yg lalu danvalas duduk silikonnya yg lama masih tebal sama seperti barunya rekomendasi bgt buat yg nyari alas duduk silikon silakan mampir di toko ini seller juga fast respon,love,happy,0.95169455
ini pembelian yg ke 2 keren lah nyaman untuk olahraga,love,happy,0.7958884
barang bagus sesuai deskripsi murah tapi gak murahan,love,happy,0.94376564
beda sekali kwalitas nya dgn penampilan foto,fear,sadness,0.8243682
pengiriman lama barang nya cacat tolong diperbaiki layanan nya,fear,anger,0.52493924
respon cepat barang sesuai sipppppppppp,love,happy,0.8541099
alat bagus tapi gak bisa dipakai lama dipakai kurang dari 5 menit udah overload dan harus nunggu 30 kerjaan bersih2 jadinya memakan waktu yg lama sekali,sadness,fear,0.45774493
batre tidak sesuai ukuran dan tidak ada nano receiver,sadness,fear,0.55219245
barang yg saya terima dari 9 hanya 1 kondisi masih bagus dan layak pakai,fear,happy,0.8427442
kualitas kurang bagus kalau di pegang masih masih terasa banget seperti stiker dan benar setelah di tes gampang terkelupas not recomended kualitas begini banyak yg lebih murah,sadness,fear,0.42686895
persediaan stok buat kakak sekolah selalu joyko pilihannya barang original terimakasih buat pelayanan yang diberikan terbaik deh,happy,love,0.77311265
ga amanah toko nya awal nya bilang ready ukuran nya setelah transaksi bilang kosong stok nya coba bilang dari awal kalo ukuran yg di ingikan kosong pembeli bisa pindah ke penjual lain pengiriman nya juga lelet,sadness,fear,0.4887612
satu pcs dipakai 1 jam panas satu lagi tidak bisa fast charging dibuang ke tong sampah langsung,sadness,fear,0.61192656
langganan,love,anger,0.76930857
bau makanan tidak nyaman dan rasa tidak enak,anger,sadness,0.66741943
pesanan cpt diproses dan sy sdg pakai simcard nya di eropa signal bagus recommend bgt,love,happy,0.5451957
pengiriman cepat packaging hanya satu lapisan warna tidak sesuai pesanan tapi no problem,happy,fear,0.37437424
bahan dan konstruksinya tidak kuat mudah patah,fear,sadness,0.5241767
bahasa indonesia diterima dengan baik barang bagus dan ori pengiriman cepat mantapp jiwaaa,love,happy,0.91418236
barang yang dikirim tidak sesuai yang dipesan,fear,sadness,0.8159853
silica gel nya lembab packing kurang rapat dan rapih seharusnya di packing dengan rapat,fear,sadness,0.53329605
barangnya ga sampe ga ada return dari pihak yg bersangkutan,fear,anger,0.42734474
tasnya bagus ringan dan elegan tapi sayang dateng2 pas dibuka jahitan sebelah kanan sudah pada copot jdi lgsg saya bawa ke permak tas,sadness,happy,0.9208549
tidak berfungsi dengan baik suka mati sendiri,sadness,fear,0.483364
dikirimnya lama plus batrenya cuma 1500mah alias tdk sesuai pic,fear,sadness,0.94199544
order 11 datangnya cuma 6 sedih banget not recomended,sadness,fear,0.4819529
banyak yang tergores seperti bekas habis itu bagian bawah kayunya patah,fear,sadness,0.52724093
bolong coy packing parah bgttttt lakban semua jadi robek2 ketika dicabut,fear,anger,0.5950431
warna tidak sesuai dengan digambar,fear,sadness,0.5963836
barang rekondisi lain kali jualan yang jujur bos jangan barang bekas direkondisi,anger,fear,0.5436926
produk asli murah pengiriman cepat abang kurir nya jg baik bgt jagain bener paketnya smp masukin tas biar ga basah kena hujan diantr malem2 smbl minta maaf duhh murah rejekinya ya,happy,love,0.64411706
barang yang sampai cacat tidak ngisi baterai stick nya,sadness,fear,0.53631914
konsumen ga dianggap attitude merupakan hal pokok dan semestinya tetap dinomorsatukan,anger,sadness,0.51994056
sangat sangat mengecewakan gak bisa di cas powerbank dan kata nya garansi malah ongkos kirim kita di suruh tanggung sendiri ya rugi parah lah ongkir dari batam itu kesitu 35 belum lagi kenak pajak 30 ditanya solusi lain gak respon,sadness,anger,0.48789546
bagus banget bahan nya juga adem ini bakal jadi langganan saya order baju tidur untuk suami,happy,love,0.7537185
kurang teliti saya pesan hitam 1 dan merah 1 yg dikirim hitam semua,anger,fear,0.4080671
ya utk harga 100an lumayan worth cuma rgb kanan dan kiri ga selaras sih sama ada deflect gara gara pengiriman mungkin,sadness,fear,0.6349855
barang datang dalam keadaan terlipat gak bisa sama sekali dipakai,sadness,fear,0.57527316
gampang dibawa bawa terlalu imut ukurannya,love,happy,0.9983412
barang rusak,anger,sadness,0.5185537
barang sudah sampai nanti di update bintang mau cek kondisi barang dulu,happy,fear,0.685641
bukan dendeng daging sapi asli semacam campuran,fear,anger,0.7359239
barang gak datang ini penipuan,fear,anger,0.9024773
produk yg dikirim berbeda dgn foto yg tertera,fear,sadness,0.59504783
belanja kedua kalinya selalu puas pengiriman lumayan cepat overall bagus banget,happy,love,0.7098544
pakingnya kurang aman di pakein dus tipis doang pdahal elektronik dg barang riskan pecah kalo di tumpuk brng lain,sadness,fear,0.55242425
bubel gak di kasih padahal ud atc,fear,anger,0.5298292
suaranya tetep ae kecil,fear,happy,0.7487833
balon nya kecil bngt,sadness,anger,0.4091244
barang sampe kardus rusak gini kata mas yg bawa pas dia terima kardus nya uda gini kecewa saya uda lama barang yang diterima bgini dalam nya paas di buka sanitizernya basah smua tumpah keluar seger kayak ke buka gitu,sadness,anger,0.5229905
beli 11 dikirim cuma 6 komplain no respon gak solutif rugi beli disini kapok,anger,fear,0.4824939
beli pepsodent paket 4 pcs tapi yg dikirim 2 di complain malah minta video unboxing gue tau isinya kurang karna gue buka paketnya wey kalo gue tau isi paketnya kurang udah gue buat video dari awal,anger,sadness,0.48711148
barang diterima dengan kondisi pinggirannya patah,fear,sadness,0.66426134
seller helpful banget barang sudah diterima dengan baik dan sudah di tes,happy,love,0.62889594
gabisa di pakai kcewa dahhh,sadness,anger,0.47588664
pelayanan ny kurang ramah,fear,sadness,0.4729358
beli 2 beda warna tp sama sis nya dikirim warna yg sama udah terlanjur dipack sama sis nya diganti ovo lho ke saya padahal sy terima 2 barang tanggung jawab sekalii celana sesuai deskripsi,happy,anger,0.50638324
kemasannya memakai plastik mudah mangap rawan bocor tidak sebanding dengan harganya,fear,sadness,0.49238226
kualitas jelek suara mic udah max suara kecil,sadness,fear,0.36800396
ditinjau dr kesesuaian dg deskripsi fungsional produk dan rekomendasi produk adalah tepat sesuai dan baik,love,happy,0.9846272
selalu puas dan langganan pengiriman super cepat top pokoknya,happy,love,0.69459844
mantap barangnya next order lagi barangnya original,happy,love,0.55166954
pengiriman cepat bgt mantap sukses selalu yaaa,happy,love,0.6700512
saya melihat review produk ini hasil suara kualitas di youtube lumayan bagus tapi kenapa berbeda ya ketika beli barang nya noise nya masih terdengar meskipun pakai deadcat di indoor dan ga compatible juga sama splitter jack,fear,happy,0.4711254
produk yang dikirim tombol putih buat setting besar kecil nya semprotan tidak berfungsi bagaimana katanya garansi 30hari,anger,fear,0.5371284
respon cepat packing rapih kecewa 2 lubang teflonnya ngelupas,sadness,happy,0.76595443
bagusss ngga pernah mengecewakan packingnya aman banget kemasan bar sekarang,love,happy,0.5932945
hore dpt harga kejar diskon trnyata produk ori paking aman isiny byk n pulpen ny enak d pakai anak juga suka bgt makasih joyko,happy,love,0.72438
ada busa yg telurnya kempes,fear,sadness,0.60828054
udah kesobek makanan kucing nya alot,sadness,anger,0.6492772
akhirnya kesampaian dpat produk ini dengan harga yang pas barangnya juga memuaskan desain sangat unik sangat cocok buat relaxing terima kasih,happy,love,0.8907491
wo thanks banget untuk kartunya sangat amat menolong sekali buat backpackeran dikorea,happy,love,0.8903056
tolong di cek lagi untuk baterainya gan baterai bekas dikasih pantes gak mau hidup suaranya,fear,sadness,0.69764435
mkkasih admin daper harga murah paketan sama cdr n redoxon,happy,love,0.65738153
barang sampai dengan selamat mic berfungsi tapi emang kualitasnya tidak sampai bisa meredam suara di sekitar,sadness,happy,0.74238163
barang yg dikirim tdk sesuai harusnya cat kuku yg datangnya eyesedo,sadness,anger,0.6205546
saya beli 2 mohon maaf sebelumnya sudah saya minta tolong untuk mencoba tes fisik dulu sebelum kirim tdk tahu d coba atau belum tp sepertinya tdk d coba alhasil ada 1 yang cacat ujung2nya pembeli harus return itu hal yang merepotkan pembeli maaf saya beri 2b,fear,sadness,0.5359198
pesen bak mandi dikirim strap ngaco ditanyain bolak balik malah kaga ada solusi akhirnya saya beli strapnha lagi baru dikirim bak lain kali kalo salah ya akuin salah,anger,sadness,0.51229435
produknya ok sangat bermanfaat utk mrnjaga dan merawat kebersihan anabul sudah langganan beli terimakasih seller,happy,love,0.8334848
ini toko gak jujur banget di ket di suruh pakai kardus biar pengirimannya aman katanya sekali aq include dgn kardus ttp aja rusak atas bawahnya jebol trus yg anehnya lagi kode uniknya tdk bs di masukkan ke akun aq kayak udh pernah di masukkan ke akun lain ini toko gak jujur banget ya dan kondisi kotak susu bagus n utuh dan tidak penyok,fear,anger,0.6333541
pengiriman cepet bgt dapat bonus pouch packing rapi dan sangat memuaskan lanjutkan kak pelayanan baiknya kalo bisa tingkatkan terima kasih,love,happy,0.6259759
tidak sesuai dengan pesanan tidak dilaminasi namun sudah di refund hanya biasa laminasi,sadness,fear,0.6192132
whiteboard melengkung alumunium bengkok skrup hilang mutu rendah sekali jauh dari gambar deskripsi,fear,anger,0.59460056
jumlah barang yang dipesan dan barang yang sampai tidak sesuai,fear,sadness,0.76441616
bahannya kelihatan murah,fear,sadness,0.8009848
barang gak sesuai order warna hitam polos yg dtg malah motif,fear,sadness,0.59134424
lucu thankyou,happy,love,0.73724043
ga sesuai expetasi lebih mirip singlet drpd tanktop beli putih 2 hitam 2 yg dikirim hitam semua pdhal sblm order sdh tanya saat cekout jg yg dipilih hitam putih packing rapi pengiriman agak lama penjual responsif,sadness,fear,0.70206076
tidak menerawang mudah dibentuk warnanya cantik pesanan cepat sampai baru pertama belanja d toko ini tidak mengecewakan,happy,love,0.5248194
paket cepat sampai dan terbungkus rapih dengan bubble terima kasih toped kurir dan sellerkualitas product bagus material bagus harga terjangkau recomended,love,happy,0.6495634
colokan adaptor mengalami kerusakan respon seller butuh berhari2 diajak diskusi untuk cara memperbaiki sendiri tidak dibalas akhirnya repair sendiri,fear,sadness,0.6397577
komplain krn jam di setting masi tidak menyala jawaban dr admin hanya ok,fear,sadness,0.6324819
tidak sesuai gambar ada cacat jerseynya sablonya berantakan ukuran juga tidak sesuai yg dipesan kayaknya toko asal kirim barang saja,anger,sadness,0.6861306
yg dikirim russakkkkk guys ampun dahh,anger,love,0.48047814
packing rapi barang sesuai produk fast respon chat pesanan 24jam sampai top markotop,happy,love,0.59901404
uda biasa blanja di abbot baru kali ini dateng penyok semua ga tau ini promo gara2 emang abisin stok penyok atau toko cabangnya yg bermasalah yg uda pasti ngga bakal belanja lagi di toko cabang d,anger,fear,0.36802405
terimakasih banyak untuk toko ini saya kelupaan beli lilin ultah jadi baru hari h 1 acara syukur puji tuhan lilin bisa sampai tepat waktu padahal dikirim keluar kota,love,sadness,0.4527917
barang tidak di kirim sampai sekarang respon penjual payah dan mengecewakan bikin kapok kalau barang nggak ada tolong uang ku di kembalikan,sadness,fear,0.3542726
penjual kurang responsif saat diajukan pertanyaan tentang barang yg dikirim jd kecewa bngt ndak recomended sm penjual kyk gini saran bwt toko cari pegawai yang sikapnya enak dan responsif kepada pelanggan agar pelanggan merasa puas dan senang dengan pelayanan,fear,sadness,0.46056953
pengiriman lama cuma penjualnya responsif blm bisa kasih bintang 5,happy,fear,0.4608753
suka jilbabnya bagus nyaman dipake,love,happy,0.5573235
ini barang keterlaluan sih bilang ukuran 60x90 tp sunat bahannya keterlaluan banget terlihat di foto underpad saya yg lama merk lain jauh lbh besar dan lbh tebel bkn masalah harga cuman 50rb an tp kesel aja liat penjual kasih spek tp jauh banget dari ukuran sebenernya kapok deh ga bakal beli merek ini lagi terima kasih,fear,sadness,0.71552974
salah kirim bisa sih diselesaikan baik baik tapi males aja,sadness,fear,0.49781978
pertama transaksi semoga berkah dan next order lagi,love,happy,0.55142736
deskripsi warna kurang sesuai,fear,sadness,0.6299058
modelnya keren luarnya tebal tapi dalemannya cukup tipis entah akan lama atau tidak bertahannya,happy,sadness,0.84249246
koneksi perangkat susah kalaupun konek seringkali putus buku petunjuk minim info pdhal beli pilihan yg paling mahal apa saya saja yg terima barang spt ini,fear,sadness,0.48066688
respon cepat barang original terbaik recomended packing baik sukses selalu ya,love,happy,0.5270021
pengiriman tidak sesuai estimasi,fear,sadness,0.5365067
kondisi buku krg bagus dan ada halaman tdk bs terbaca balasan penjual yg seenak jidatnya,anger,fear,0.5479548
lebih kecil ndak muat di mesin cuci elextrolux overal bhanya bagus anti air,fear,sadness,0.5095428
barang tidak dapat di operasikan sudah menghubungi customer service belom ada response,anger,fear,0.60637224
mantap harga dan kualitas sebanding lebih worth it daripada battery ori nya btw padahal beda durasi battery ny cm beda belasan menit tp harganya beda ratusan ribu mending pake battery powerextra tp beli banyak,happy,fear,0.49588713
barang sudah diterima dalam kondisi baik packing aman makasi,happy,love,0.58341163
packaging kurang bisa diperbaiki lagi karena parfum tumpah,fear,sadness,0.52912325
pengiriman lambat seminggu baru sampai bagi yang membutuhkan cepat lebih baik beli di supermarket langsung,fear,happy,0.6221567
jelas2 udah pilih varian biru dan di catatan juga ditulis warna biru eeehh kok ya tanpa konfirmasi dikirim warna putih ya sudah lah males komplen,anger,sadness,0.44388205
bagus produknya enak marumiya rice topping furikake nya bisa juga untuk bubur harga terjangkau recommended,love,happy,0.508131
catatan saya beli produk ini karna hadiahnya penting hal yang perlu diperhatikan jika mengadakan hadiah promo mesti transparan apakah hadiahnya atau tidak apa lagi yang sangat disayangkan akun oficial store dari pihak toko pedia juga mesti meninjau apakah promosi ini transparan atau menjebak semoga tidak lagi yang kecewa seperti saya,fear,sadness,0.62316257
official store produknya cuman d bungkus plastik sebercanda itu tokopedia lolosin ini toko jadi official store,anger,fear,0.7147226
bahan jelek mudah patah baru dua x pakai saja sudah patah jarumnya dan pegangannya keras sekali sungguh sangat merepotkaan dan membuta kerja lebih lambat lebih baik beli yang agak mahal tapi lebih berkualitas,fear,sadness,0.631355
tidak sesuai gambar janggan percaya ama seller ini penipu kualitas jelek,anger,fear,0.6055877
sebenernya barangnya ok tapi pengirimannya lama banget pesan tgl 9 masa sampainya tgl 17,sadness,fear,0.340521
baru dibuka dan ditutup lagi sudah patah kualitas jelek banget,sadness,anger,0.72031426
pengiriman cepat packaging nya okeee banget isinya sesuai ga gampang macet pas dipakai pokonya bagusss bangettt terima kasih joyko,happy,love,0.7308048
yaampunnn mentang rp 0 x nih yah krna penguna baru baju sih baju tapi gimna mau dipake lobang lehernya itu kecill amed anak yg 11 tahun pun gak bisa pakai padahal mah lumayan lah bahannya walaupun tipis,anger,sadness,0.47573614
udah bbrp kali beli disini di app ijo oren puas dgn barangnya hanya saja di pembelian terakhir ini kecewa sih saya beli oyster cement dengan asumsi warnanya abu muda seperti dove grey cement hanya saja lebih mulus teksturnya sprti di katalog sudah saya cari referensi foto2 ulasan juga blm menemukan foto realnya jadi saya order saja ternyata pas datang hasilnya jauh lebih kuning dari bayangan lalu saya bandingkan dengan dove grey cement saya dari pembelian sebelumnya tnyata beda banget photo attached mgkn lain kali seller kalo foto produknya disetting dulu lighting white balancenya supaya akurat netral warnanya antar produk seller jg kurang komunikatif sblmnya pernah minta foto produknya yg lebih jelas zoom in tidak diberikan bagi customer selanjutnya pls note oyster cement sprti ini ya plus point packing rapi pengiriman cepat,sadness,happy,0.37322423
terpercaya,happy,love,0.81276095
duanya lagi goib,anger,love,0.8252431
sablonnya pudar dan tipis bahannya tipis but worth it for the price,happy,sadness,0.7411343
tidak menerawang mudah dibentuk nyaman dipakai jahitan rapi bahannya adem warnanya cantik modelnya cantik,love,happy,0.69226736
roll diambil 1 4 nampak dari potongan sudah mencong mencong jualan yang benar jangan hanya ingin untungnya saja,anger,happy,0.77238464
barangnya bagus praktis dan harganya murah ga salah pilih produk dari blueprint original merk respon penjual cepat dan ramah rrcommended,love,happy,0.63974637
jangan lupa gaes diorder toko ini,love,happy,0.704912
