review_text,true_labels,pred_labels,confidence,true_emotion,pred_emotion
saya tidak pernah dikecewakan oleh toko ini. pokoknya untuk urusan videografi dan fotografi saya senang belanja di sini,0,1,0.47706854343414307,happy,love
"respon dan pengiriman cepat. packing rapi, recommended seller.",1,0,0.577351450920105,love,happy
gak dpat tefal seperti info.dan gak ada konfirmasi terkait hal ini.udah beli beberp kali sesuai tp kali ini sama sekali tidak sesuai.mending official store ecommerce lain.buruk sangat buruk,3,2,0.556171715259552,fear,anger
"handuk cantik. material bagus. harga terjangkau. thanks traktirannya tokped, handuknya lumayan? mau upload foto keterangan eror mulu?",0,4,0.717939555644989,happy,sadness
"beli baru, tapi kok kacamatanya kotor dan usang.",3,2,0.7440634965896606,fear,anger
"not recomended seller ,gara2 ini toko . surprise buat ultah moment yg penting hancur gitu aja, . parahhhhh .nyesel banget,banget belanja ditoko ini !",4,3,0.8838141560554504,sadness,fear
mantab barangnya sesuai dengan pesanan dan cepat sampai,1,0,0.983029305934906,love,happy
"payah yang dikirim kecil2, diterima byk mati sengaja pilih official dan harga mahal tau gitu pilih yang 2500 aj di toko lain, sama aja hasilnya",3,4,0.7557432055473328,fear,sadness
jelek sekali packingnya.hand body saya pada tumpah.,3,2,0.9906256198883057,fear,anger
"kaki tripod rusak, tdk bs terkunci, di angkat lsg turun",4,3,0.5709506273269653,sadness,fear
tempat colokannya gk sesuai. masa mic nya berfungsi dilubang headset. sedangkan lubang micnya tidak berfungsu,4,3,0.9824095964431763,sadness,fear
barang mau dikirim pakai ekspedisi ke luar kota tapi tidak dibungkus plastik! background basah akhirnya tidak bisa dipakai sama sekali.,2,3,0.5807002186775208,anger,fear
"cairan ini ga cocok untuk xiaomi f600, hancur diffuser nya, rupanya cairan ini mengandung oil yg buat korosi material f600 dan garansi diffuser nya pun jd void, parah ah",4,2,0.9802711009979248,sadness,anger
puasssssssssssssssssssssssss .,0,1,0.9869418740272522,happy,love
"pecah gagang, seller ga mau tanggung jawab sampe akhirnya tokopedia yang memutuskan bisa direfund",2,4,0.5933462381362915,anger,sadness
kualitas bahan bagus . jahitannya rapi. warnanya cantik . model celananya cantik . nyaman dipakai . bahan menyerap keringat. ukuran sesuai. tidak menerawang. bahannya adem. bahannya lembut. udh punya warna navy dan dark grey. pengen lagi warna lain. bagus pake banget.,0,1,0.6440514922142029,happy,love
"kacau. udah nanya di chat, ini kalau dibikin begini bisa gak. dijawab bisa. trus udah jelasin di chat begini begitu, chipnya harus disini, dll. trus malah disuruh tulis di email. oke lah udah ditulis juga di email begini begitu panjang lebarr. bahkan udah dikasih contoh gambar yang jelas posisinya begini ya. eh yang dateng gak sesuai dengan requestnya. kecewa banget lah. nyesel beli disini. padahal ngeliat reviewnya banyak yang beli harga juga lebih mahal sedikit dari yang lain tapi begini pelayanannya.",3,2,0.7250847816467285,fear,anger
"udah punya 3 botol dan 1 refill, beli lagi biar dpt botol baru yg ada sticker dermatologically tested nya",1,0,0.9577298164367676,love,happy
geriginya bendonya kecil banget gak kayak di gambar.,3,4,0.9368069767951965,fear,sadness
"mantab, pelayanan cepat dan barang original",0,1,0.9183605909347534,happy,love
"pertama pake normal, baru 5 menit volume suka kecil sendiri, liat riview disini jg banyak masalah barangnya. . nasib barang promo",4,3,0.6717840433120728,sadness,fear
baru 3 hari udh ga ngegrip,3,4,0.9878383874893188,fear,sadness
pakai esktra bubble udah bayar ternyata saat dikirim tidak diberi bubble,2,3,0.9631152749061584,anger,fear
"dapet certi eye 2022 , berarti memang terbaru. terimakasih banyak",0,1,0.624212920665741,happy,love
order pake kardus ternyata dikirim pake plastik doang,3,2,0.8390308618545532,fear,anger
"well.10 hari baru sampe, fix pesanan terlama di tokped saya, sobek pula bungkusnya.ok thanks sampai dsini",2,0,0.9148526787757874,anger,happy
bocorr isinya,4,2,0.9867525100708008,sadness,anger
"mudah copot di dasbord,lemnya kgk kuat",3,4,0.8760697841644287,fear,sadness
udah banyak kali restock dan selalu kembali ke dr soap aja pdhl diluar sana banyak juga handsanitizer yg lain tapi yg trpercaya hanya dr soap deh ?,1,3,0.8513592481613159,love,fear
"satu lobang tali sepatunya besar sekali, seperti lobang di tusuk dua pulpen, sepatunya tidak di cek pada saat mau di kirim.",4,3,0.9352782368659973,sadness,fear
barang ga bisa dipake .lampunya ga nyala dan sensornya rusak.,2,4,0.9242326021194458,anger,sadness
harga kualitas terlalu jauh. harga tinggi vs kualitas rendah.,4,3,0.8062862753868103,sadness,fear
"seller responsif, packing aman pengiriman cepat. sayangnya barang tidak dicek dgn teliti sebelum di kirim ke pembeli sehingga tidak sadar akan ada cacat produk. keinginan saya utk retur barang akan tetapi dikarenakan hari jumat saya harus pakai barangnya maka tidak saya retur",3,4,0.3702685832977295,fear,sadness
1 nunchuck nya ga berfungsi.mohon diperhatikan kembli barang yg dikirimkan.agar pelanggan tdk kecewa,4,3,0.6680203676223755,sadness,fear
bocor. tutup tidak tertutup dengan rapat,2,3,0.8386306166648865,anger,fear
paket datang dengan kondisi dusnya sebagian rusak dan kotor kayak bekas jatuh. dicek dalemnya lakban nya pun penyok penyok. menyedihkan.,4,2,0.5150131583213806,sadness,anger
bagus banget kabel nya ada rgb nya pengiriman nya juga cepet. terima kasih banyak.,0,1,0.6529472470283508,happy,love
"pecah, packing kurang aman",4,3,0.9543275833129883,sadness,fear
barang mantapppp original robot. harga juga lumayannnn okeee,0,1,0.8647140860557556,happy,love
"brg yg diterima tidak sama dgn yg di etalase toko, tipis seperti kotak nasi padang, pdhl dikira tebal krn utk kirim kado ke luar kota.",4,3,0.9191062450408936,sadness,fear
driver ngaco bukan tokonya. barang ok. itu smart namanya bengak. gua kasih puas komen jg lu. bintang satunya buat driver.,2,1,0.37718504667282104,anger,love
wangi nya kyk parfum refill mirahan ?,2,1,0.5403642058372498,anger,love
"hati2 beli produk nya. jangan sampai kecewa. berharap dapat hadiah nya, malahan zonk. niat belanja di official store nya, malah dikirim dr toko cabang . ga dpt deh hadiah nya.",2,3,0.9122843742370605,anger,fear
"barang rusak, tidak bisa adi charge . sehinga tidak bisa dipakai. respon penjual sangat lambat . saya kecewa sbgi pembeli !",2,4,0.8767421245574951,anger,sadness
"asli samsung, pelayanan sangat baik",1,0,0.982822835445404,love,happy
ga ada tanggapan mau komplain.padahal saya beli bukan minta.kecewa?,4,3,0.748786985874176,sadness,fear
jauh dari warna difoto,4,3,0.8988110423088074,sadness,fear
lucu tasnya murah sesuai harga sih kualitasnya. pas juga dianak saya,1,0,0.47441211342811584,love,happy
bukan jam harga mahal yg didiskon.tapi jam yang sesuai harga beli dan kualitasnya.,0,3,0.6934238076210022,happy,fear
"nyesel setengah mati beli ni produk, beli gara2 liat ulasannya kok positif semua. sumpah ini krim baunya ga enak banget, kalo boleh digambarkan baunya itu perpaduan antara muntahan bayi dan minyak nyong2 om2, iya separah itu. ini yg pada kasi ulasan idungnya pada mati rasa ato gmn ya ? . pengiriman sih cepat dan bagus, but sorry, the product is a nightmare very pricey. tau gini gw ttp beli wak doyok yg wanginya jauh lbh enak dan jauh lbh murah. this cream is really2 not recommended!",4,3,0.9474717378616333,sadness,fear
"kotak paket nya kegedean, coklat gak dibungkus bubble wrap atau kotak paket gak ada tambahan kertas pengisi jadi bentuk coklat nya udh amburadul semua",3,4,0.8561761975288391,fear,sadness
"tolong pengiriman punya rasa tanggung jawab, ini paket habis berenang di comberan mana dan gak yakin isinya apakah masih bisa di pakai atau masuk bak sampah",2,3,0.9814732670783997,anger,fear
"seller komunikatif, pengerjaan cepat. udh repeat order",1,0,0.768919825553894,love,happy
keren banget adminnya! dibantuin dari awal sampai akhir hehe. fast respon juga.ini gamenya bisa semua yaa,0,1,0.9652265310287476,happy,love
awalnya saya kira belum dibuka untuk diisi freemcboot.tyt sudah dibuka tinggal tes di mesin thx,0,4,0.9024002552032471,happy,sadness
mantap.wangi.udah beli beberapa kali. aman juga untuk hewan.,0,1,0.6931301355361938,happy,love
ko ga membantu dalam masalah jerawat .malah nambah banyak,4,3,0.9551917910575867,sadness,fear
ga dikirim barangnya,4,2,0.7744731307029724,sadness,anger
"mantab. fast response, terima kasih ?",0,1,0.9162728190422058,happy,love
beratnya tidak sesuai. katanya dirubah kok ga ada perbaikan dalam hal berat produk dan packing. pdhl sy mau blanja banyak. tapi mhl diongkir. pdhl berat riil nya jauuh dari estimasi,3,2,0.5975881218910217,fear,anger
beli 2 pcs. yang satu normal tanpa kendala. yang 1 lagi stuck house cartridge nya gak mau ke tengah. step nya sama dengan yang normal ikutin manual.,3,4,0.7608447074890137,fear,sadness
belum dicoba semoga lebih bagus hasilnya drpd yg biasa shampoo noni mokeru. packing mantull dan respon seller cepat. goodlah?,1,0,0.798773467540741,love,happy
"sdh order ke 3, harga murah, pengemasan super aman, tidak pernah ada yg rusak sy terima",1,0,0.9248387217521667,love,happy
"utk pencil alis nya yg matic sampai di tempat patah, free kaca ny pecah",4,3,0.7597986459732056,sadness,fear
"barang ngga sesuai. minta warna hitam yg dikirim warna biru. pas chat tulisannya all ready stock, ujung2nya bilang barang yg diinginkan habis lalu main kirim yang tidak sesuai dgn permintaan",2,4,0.561541736125946,anger,sadness
"seneng liat mukenanya dtg, tp jd sedih lihat tasnya, tas rusak kok dijual",4,3,0.428712397813797,sadness,fear
"tolong di perhatikan bagian karet nya, ini kebalik karetnya, ga sm lurus jahit nya, malah dkirimin brg reject",4,3,0.9780646562576294,sadness,fear
"tokonya tidak sportif, tidak koperatif pengalaman buruk belanja di toko ini barang cacat diajukan keluhan tapi tidak bertanggung jawab di chat lewat tokped ataupun wa tapi tanggapannya muter muter doang kebanyakan basa basi padahal tidak mau bertanggung jawab lu makan tuh uang buat istri lu hati hati dengan toko ini",2,3,0.9875684380531311,anger,fear
"yg direquest dgn yg dikirim beda warna,tanpa ada konfirmasi",3,4,0.9141533970832825,fear,sadness
"seharusnya chat dijadikan makesure barang, warna dll, jgn kaku kaku bgt jadi roko",3,2,0.8604153990745544,fear,anger
tidak sesuai gambar,4,3,0.7011104226112366,sadness,fear
pesan 3 yang sampai 2. semoga berkah deh yg curangin,2,4,0.33619073033332825,anger,sadness
"beda yg dipesen sama yg datang,",3,4,0.9789204001426697,fear,sadness
"beli 3 pcs, 2 pcs tidak berfungsi, barang disegel service dan pernah bongkaran, komplain dipusat resolusi tidak dtanggapi.",4,3,0.9034663438796997,sadness,fear
"sebelum mempercayakan penyimpanan data kalian . mending pikir dulu deh . saya baru pakai blm 2 minggu , kartu langsung tidak terbaca lagi . mana ada data yg tidak bsa di selamatkan . dan proses garansinya aja pake estimasi sebulan . yap sebulan . mending beli yg pasti aja . merk baru blum tentu terjamin kualitasnya . be carefull and keep healthy . thx",3,0,0.5267074108123779,fear,happy
"thanks atas respon nya. informasi yg diberikan jelas, product nya oke bgt. uda 2x order kesini. barang yg di kirim rapi n cpt sampe nya.",1,0,0.8524181842803955,love,happy
"nope! kalau kepikiran mau beli, saran saya jangan. product sering rto gajelas, cs after sales service yg buruk, dijamin pengalaman kalian akan kecewa.",3,4,0.7685891389846802,fear,sadness
wangi amis tdk seperti merk lain,2,4,0.7244340777397156,anger,sadness
lilinnya udah rusak banget goldnya.,3,4,0.6340949535369873,fear,sadness
"percuma jg kasih buble warp dikasih brg reject pabrik, ga bs kasih pot.pula rese",2,3,0.5715183615684509,anger,fear
"barang udah sampai, maaf baru konfirmasi. sesuai review di yt, barangnya rekomended buat yang mau menekan cost.",1,0,0.5747522711753845,love,happy
pesannya hitam datang barangnya biru kesal kali dan malas komplain,2,4,0.9817100167274475,anger,sadness
"fast respond, sellernya ramah packing rapi pengiriman cepat. recommended",1,0,0.6951754689216614,love,happy
"terakhir chat sekaligus memastikan bilangnya merek gm bear yg akan dikirim, ternyata kardusnya ajah yg merek gm bear tp isinya merek lain buck i. barang datang ga sesuai kesepakatan. ini mah bohong namanya.",3,2,0.8993461728096008,fear,anger
baguusss sarungnya,1,0,0.8713758587837219,love,happy
"prod dikirim dgn dilipat,tdk digulung padahal utk background foto.jadinya ada bekas lipatan permananen",4,3,0.5830658078193665,sadness,fear
"pesen kemarin, dateng hari ini. cepet banget, sajadahnya bagus, bulunya halus, terus busanya beneran tebel. semoga sholat saya bisa terus khusyukk karena sajadah ini, aamiin. terima kasih seller ?bahannya tebal. bahannya lembut. ukuran sesuai. warnanya cantik . anti slip.",1,0,0.8749461770057678,love,happy
"mudah n awet, tp kainnya kurang nyerap, kalo di lantai granit masih ninggalin bekas",4,3,0.9244702458381653,sadness,fear
kalo mau kirim baca note nya dong.masa tiga2 nya dikirim warna sama.trus fungsinya catatan buat apa,2,3,0.8869040608406067,anger,fear
"pengiriman sangat lama, diluar estimasi yg tercantum",3,4,0.8961060047149658,fear,sadness
"promo yang ditawarkan marketing s3 payah, alibinya free gimmick hanya berlaku pada toko di wilayah tangerang, sedangkan barang yang di tawarkan di toko tangerang tidak ada free gimmick tersebut tapi kenapa dicantumkan di toko cabang aneh sekali",2,3,0.8218754529953003,anger,fear
patah kaitannya gak bsa dipake deh,4,3,0.7166380882263184,sadness,fear
"dari segi estetik bagus banget, tapi cengkramannya kurang, jadi kalo di pake kadang suaranya geter, meskipun bisa dipake. dengan harga segitu, sangat worth it apalagi designnya yang elegant.",0,1,0.7278565764427185,happy,love
"barang bagus. saran utk pengiriman tolong kotak nya dikasih tulisan fragile. tadi punya saya di jatuhin di dalam pagar, alhamdulillah gak pecah barangnya",0,3,0.5798611640930176,happy,fear
aromanya bikin pusing dan mual,2,4,0.9817526340484619,anger,sadness
"pesen 2 lapis, dikasih selapis, untung aja visornya aman, amsyong",2,0,0.9890636801719666,anger,happy
barang tidak lengkap,3,4,0.9186680912971497,fear,sadness
seller tidak ramah sedikitpun. saya mau batal dulu baru nambah pesanan biar hemat ongkir seller tidak mau menerima pengajuan pembatalan saya. katanya harus check out ulang lg dgn dana lbh besar. di deskripsi produk jg ga ada aturan ini. ya ga mau lah nanti dikirim dua2nya sama seller rese macam gini rugi dobel nanti. tokped juga tidak bisa membantu sedikitpun cuman suruh diskusiin aja terus sama penjual keras kepala macam ini. very not recommended. kapok!,4,3,0.9592245817184448,sadness,fear
packing pengiriman kurang aman hanya dilapisi plastik tipis sehingga dpt menyebabkan kerusakan pada produk. dan produk yg saya terima mengalami lekukan pada tutup dan menimbulkan bercak sehingga tidak bisa menutup rapat. sehingga untuk ke depan mohon dapat memberikan packing yg lbh aman. agar penjual dan konsumen sama2 nyaman,4,3,0.8616414666175842,sadness,fear
alat tidak berfungsi,4,3,0.615172266960144,sadness,fear
"packingnya best banget deh pokoknya aman. kotak juga di double in, ada sterofoam didalam kotak jadi botol aman.",1,0,0.7164207696914673,love,happy
"udah pesen pke dus, gak ada dus nya. mending gak udah pke dus dah",2,3,0.9284780621528625,anger,fear
packing hancur sampai lebur sampai rumah,4,2,0.8660138845443726,sadness,anger
"proses pesanan dan pengiriman barang cukup cepat, produk sesuai deskripsi, seller responsif, sukses dan tetap jaga protokol kesehatan ya seller! terima kasih.",1,0,0.9692384004592896,love,happy
nyaman untuk olahraga. harga bersaing . dijamin termurah.,1,0,0.9342994093894958,love,happy
"pengiriman cepat dan aman. barang sesuai deskripsi. bagian ujungnya terbuat dari plastik, tapi cukup kokoh. perakitan mudah, cuma modal obeng. tips jangan dikencengin dulu semua bautnya, kecuali kalau sudah fixed dgn ukuran kaki mesin cuci. recommended. ?",1,0,0.8905532360076904,love,happy
"pesan 3 buah xxxl ukuran lingkar dada 52 cm, yg datang 43, 44 dan 45 cm. jauh bos ukurannya, cuma kepake buat lap motor aja ini mah",2,4,0.9269551634788513,anger,sadness
"sangat kecewa ! ini real yg saya alami . silahkan baca chat saya dgn seller ini sebelum membeli, barang dikirim tidak sesuai pesanan, sudah diretur, tapi cerdiknya seller tidak mengirimkan pesanan saya yg seharusnya saya pesan. sudah 15 hariii lhoo guys.uang tidak kembali, barang pun tidak sampai. haha.silahkan saja jika seller sanggup bawa ke akhirat. semoga kalian tidak tertipu seperti saya.",2,4,0.8560597896575928,anger,sadness
barang jelek sesuai harga,4,2,0.9236145615577698,sadness,anger
"recommended. barang sesuai, seller gercep, pengemasan mantap banget",0,1,0.9769369959831238,happy,love
mantap sangat bermanfaat,0,1,0.8001214265823364,happy,love
kapok beli disini,2,3,0.969383180141449,anger,fear
respon lambat,3,4,0.8492144346237183,fear,sadness
barang bagus banget asli dengan harga sgni dpt quality wireless microphone kek gni the best,0,1,0.7109516263008118,happy,love
game tdk terlalu sesuai dgn request sya dan gamenya terlalu sedikit dan ya ini msih ditest smua dan game yg brsmlh bru downhill dan slnjtnya akan di cek lgi jdi menurut sya kepuasan pelanggan itu hrus di no 1 kan ya,4,3,0.9555259346961975,sadness,fear
burung sakit sama kaki nya ga normal bang. kenapa di kasih ke saya.,3,2,0.8169459700584412,fear,anger
"official store aja spt ini gmn klo beli di toko lain? udh smp taun baru ga ada penyelesaian, dr pembelian awal desember sy udh ingatkan pdhl pastikan brg bgs, pas sampai besoknya lgsg sy keluhkan tutupnya ga bs dipasang, tgl 19 toko menyatakan bersedia kirim tutup yg baru, semua ada buktinya di chat saya. tp bukan main bertele2, ga menawarkan solusi nyata. saya beli pan ini krn butuh yg ada tutup kacanya, malah dikirim tutup yg ga bs dipasang! brand dan pelayanan kualitas rendah, pengalaman yg sangat mengecewakan. mengirim barang ga berfungsi, namanya penipuan. ga akan beli carote lg, ga akan saya rekomendasi.",3,2,0.7695605158805847,fear,anger
ada cacat sedikit dan overpriced untuk plastik seperti itu,3,4,0.8631060719490051,fear,sadness
"pelayananya buruk, harus ditingkat lg",3,4,0.9221858382225037,fear,sadness
"kurang sesuai dengan deskripsi, yg katanya muat untuk 7 13 tahun, anak 10 tahun aja kekecilan. panjangnya juga bukan 78, hanya 75.",3,4,0.8431195616722107,fear,sadness
"barang di terima banyak yg bocor keluar dan banyak yg kosong,barang tidak sesuai deskripsi",4,3,0.6461920142173767,sadness,fear
"hadiah gak di kirim , toko offical tapi gak amanah , kapok dah",3,2,0.7803332209587097,fear,anger
"beli 2 kotak isi total 20 buah pie terdapat 5 buah pie yang sudah jamuran. padahal paket langsung dibuka sesaat setelah diantar kurir dan expire date juga masih 1 bulan lebih. coba cek ulasan, banyak pembeli juga mengalami kendala pie berjamur. jelek sekali kontrol kualitas pie susu ini. kasian reputasi toko ini ikutan rusak gara gara produk yang tidak dijaga reputasinya oleh pemilik produk. maaf ya kaka penjual, ini ulasan jujur. mungkin bisa disampaikan kepada produsen produk agar memperbaiki kontrol kualitas produknya.",3,2,0.4463120400905609,fear,anger
bam pengerasnya gak dikirim?,3,2,0.8669378757476807,fear,anger
ahannya bagus. model juga unik. cakep. adminnya sangat ramah serta cepat responnya. terima kasih triple w official ?,0,1,0.6815032958984375,happy,love
"bocor dari sambungan karet ke keran dan bocor dri tengah2 tempat drat karna gk rapat, mau di rapatkan gk bisa karna terasa sudah mentok",4,3,0.573845386505127,sadness,fear
"bahan ny sih bagus, cm sayang pesen nya 2 datang ny 1. d chat ke seller ny jg d d baca, boro boro ada penjelasan. seller g asiiiik g bs d ajak komunikasi",4,3,0.8523941040039062,sadness,fear
tidak suka dengan respon yg tidak bagus banget,2,3,0.5330654978752136,anger,fear
"pengemasannya seadanya, lembukunya juga mudah patah. cdnya gak diplastikin diselipin aja dibukunya. semoga dapat dipebaki yah",4,3,0.6131942868232727,sadness,fear
bahan bukan katun asli,4,2,0.685380220413208,sadness,anger
"sesuai randomnya, bahan sesuai expektasi. terima kasih",1,0,0.9918466806411743,love,happy
"awal dikirim brg sih packing rapih ya, tp ada bocel sm kaki tripod karetnya ada yg ilang. trs saya balikim barangnya saya kasih bubble wrap buat balikin . tp seller kirim brg barunya sama sekali ga pake bubble wrap, alhasil banyak lecet penyok2, dibilang dr seller ktnya hrs xtra bubble wrap. tau gt saya balikinnya gausa make bubble wrap",2,4,0.6968345046043396,anger,sadness
gampang putus kurang mantep dipake nya,4,3,0.8135810494422913,sadness,fear
"penipu. awas ditipu. reply sy udah kirim bukti tambahan lwt wa, krn di tokped spacenya ga cukup, tp dia blng sy ga kirim bukti.",2,3,0.7189022898674011,anger,fear
alat linting nya patah rusak.,3,4,0.6135350465774536,fear,sadness
"sudah kuduga kalau beli banyak, pasti ada beberapa yang barangnya dikasih dalam kondisi cacat dan ternyata beneran dong wkwk, yang pecah malah barang di urutan ke 4,9 dari total 24 item yang saya order kualitas barang ternyata hanya plastik tipis tidak sesuai perkiraan saya karena yang ditampilkan toko hanya tampilan depan saja overall i wouldn t recommend this to y all",3,1,0.39022159576416016,fear,love
efektif menyaring kotoran. manteb lah. jadi. jernih banget ini air,0,1,0.8897110819816589,happy,love
kopernya penuh lecet lecet dan terkelupas dimana mana,4,2,0.400391548871994,sadness,anger
karungnya super tipis tidak sesuai di gambar,2,4,0.8410694599151611,anger,sadness
"maaf saya kasih bintang 1. karena paketnya tidak sampai ke saya langsung. sempat nyasar ke tempat lain karena penerimanya sama dengan nama saya untungnya penerimanya langsung menghubungi saya. tapi pas saya ambil ternyata isi nya cuma 1 box sesuai foto padahal saya pesan 3 box. si penerima mengaku tidak mengambil 2 box sisanya. alamat bisa tidak sampai ke saya karena label alamatnya tidak dibungkus pakai lakban kertas bening jadinya berdebu, kena air bisa pudar kan.",3,4,0.7052696347236633,fear,sadness
pengirimannya cepat.amanah?,1,0,0.9826266169548035,love,happy
"bintang 1 karena proses nya yg lambat bukan karena barang nya. pesan kamis pake pengiriman 1 hari, barang datang minggu siang. bukan kesalahan kurir, status on proses nya dr kamis sampai ke sabtu malam baru samapi d kurir. tanpa info apapun dr seller. saya sudah baca kebijakan terlambat covid toleransi 1 hari, tp ini dr kamis sampai ke minggu brp hari ya?",2,3,0.9396131634712219,anger,fear
pesan warna coklat yg sampai warna abu abu . lain kali tolong klo mau jualan lebih profesional lagi !,2,3,0.9093940258026123,anger,fear
"barang nya sampai dengan selamat ,sudah di coba dan lumayan bagus sesuai harga. next akan beli lagi alat yang lainnya ?packaging aman dan bagus.",1,0,0.9058667421340942,love,happy
gak bisa untuk semua merek keyboard,3,4,0.8433155417442322,fear,sadness
"layanan seller sangat jelektidak ada pemberitahuan di deskripsi toko atau di deskripsi produk kalau order diatas jam 12 di proses besok karena alasan overload penjual telat memproses order.konsumen tidak mungkin memahami kasus overload ? seharusnya kalau overload, produk tidak di munculkan atau toko stop terima orderan.jangan konsumen jadi korban overload sellersaya order dengan ongkir reguler tapi hasilnya sama dengan free ongkir. ini namanya bentuk penipuan ke konsumentokopedia sebagai platform harusnya berhati hati dengan seller yang tidak memberikan pelayanan terbaik",2,3,0.9737197160720825,anger,fear
barang bagus. segel. utuh. original. berfungsi dengan bener. seller respon nya ajib. cepat amir. uda gt kasi sarannya pas banget lg dengan kebutuhan. mantabbb,0,1,0.8405246734619141,happy,love
"packingnya cm kresek krg aman, jd pas dateng peot pdhl buat d jual, haduhh.",4,0,0.7458257675170898,sadness,happy
data sering error dan hilang ?,4,3,0.6444078683853149,sadness,fear
barang kondisi diterima baik dan aman. saran aja mohon lebih cepat proses kirim nya dan klo di chat jgn respon nya lama sekali. tks,0,3,0.8905491828918457,happy,fear
"barang tiba dengan aman,mantap deh . terimakasih",1,0,0.9917125701904297,love,happy
"parah sih bukunya ada yang sobek, lain kali cek dulu kondisi bukunya sebelum kirim",3,2,0.7322458624839783,fear,anger
penjual sama sekali tdk memperhatikan catatan pembeli.malahan menyalahkan pembeli.,2,4,0.48641419410705566,anger,sadness
udah beli banyak ada 1 yg rusak mau tukar ga bisa pake belibet aturan cape deh,2,3,0.5016586780548096,anger,fear
pencetannya agak keras jd tkt cepat rusak. terus airnya jd bau plastik. tidak dapat dipakai,3,4,0.9148055911064148,fear,sadness
"ringan bgt, enak dipakainya dan batang pel nya kokoh. ga nyangka harga semurah ini tp kualitasnya bagus bgt. pel an nya bs mutar 360 derajat, bikin gampang ngepelnya, ga harus manuver belok2 bikin pegal",1,0,0.8861387968063354,love,happy
baru dipake 6x charger indikator udh ga nyala. udh ga bisa dipake. gimana ini? sampe sekarang belum ada tindakan nyata pengurusan garansi 28 10,3,4,0.5651029348373413,fear,sadness
ga berfungsi dengan baik,4,3,0.9650458693504333,sadness,fear
mantap!,0,1,0.9303135871887207,happy,love
"mantap, kalau di cium aromanya sedikit ada perubahan dari yang sebelumnya.",1,0,0.7470848560333252,love,happy
"packingnya rapihh bangetttt, aman perjalanan jabodetabek",1,0,0.7198619842529297,love,happy
sprti barang bekas,2,3,0.647808849811554,anger,fear
alhamdulillah brng sdah sya trima. recomended,0,1,0.9862508773803711,happy,love
"mantap, packing rapi. mantap pokoknya.",1,0,0.7186844348907471,love,happy
ga sesuai dengan yg di posting,4,3,0.9116854071617126,sadness,fear
"brg dtg dengan kondisi stick nya ga ok, kenapa penjual ga d periksa dl yak. trus minta tukar tp ga mao tanggung bersama ongkir nya 50 50 donk . emg penjual ga mao rugi. ya mao ga mao byr uang xtra utk ongkir sana sini tukar stick. smoga kedepannya bs lbh baik",3,2,0.5192413926124573,fear,anger
"recommended seller. fast respons, kualitas barang cukup, sesu i harga. terimakasih",0,1,0.8566933870315552,happy,love
"kirim barang yg dikirim salah, kata maaf pun nggak ada. barang lama sudah diterima barang baru kirimnya lama. ongkir juga nggak tanggung jawab. official store koq pelayanannya kaya begini, bikin kecewa banget !",4,2,0.9623477458953857,sadness,anger
"pesanan udh selesai apaan, orang barang tidak di terima, sudah ajukan komplain, nungguin lama, sampe saiki ga dpt barang malah di minta penilaian barang. kecewa berat deh",2,4,0.9782909154891968,anger,sadness
saya tidak menerima produk sama sekali dari kurir dan kurir tidak menelfon saya kalo barang sudah diantarkan dan dititipkan di siapa karena saya belum menerima paket saya saya mengajukan komplain,3,4,0.580621063709259,fear,sadness
bintang yang berbicara,0,4,0.5059269666671753,happy,sadness
"sesuai,proses n pengiriman cepat,responsif,recommended,barokah,terima kasih",1,0,0.7283731698989868,love,happy
3 penyok parah banget gk layak jual dan sobek parah. padahal udh sering beli dikasihnya jelek banget. gg bang,4,2,0.970802366733551,sadness,anger
"gan ini gimana ya gorrilapod nya ga cocok sm kamera saya bahkan untuk bawaannya aja ga bisa masuk ga sesuai yang di gorillapod terlalu besar, padahal saya sudah diskusi tanya apakah bisa untuk fuji xa 3 dan agan jawab bisa. ini kebesaran ga muat di lubangnya, di lubang untuk jd tongsis hp pun ga bisa dipasang barangnya bagus tapi ga sesuai dan gak bisa saya gunakan jadinya",2,3,0.703900158405304,anger,fear
respon jelek,4,2,0.9854877591133118,sadness,anger
katanya disuruh pakai bubblewrap utk keamanan barang. tapi tetep aja barangnya ga dikasih bubblewrap. padahal berbayar,4,2,0.597541093826294,sadness,anger
packing buruk. kertas sampai pada sobek bungkusnya.,2,4,0.5448548793792725,anger,sadness
"pashminanya pendek, gak seperti yang ada di deskripsi",3,4,0.9707280993461609,fear,sadness
pembelian ke 2.besok2 packingnya tolong di benahi.cuma bubble doang lakban seadanya.bolong sebelah,3,2,0.9035702347755432,fear,anger
sudah nga secepat dan serapi dulu,4,2,0.8990513682365417,sadness,anger
"susah d pakainya, angin banyak yg bocor,",3,4,0.983278214931488,fear,sadness
plastik pecah jd lembek sebagian,3,4,0.9465193152427673,fear,sadness
barang cepat sampe. penjual fast respond. cuma dpt produk yg covernya agak lecek.,0,4,0.7128535509109497,happy,sadness
"fast respons, original, mulus, pengiriman cepat, seller ramah dan tidak sombong ? harga tolong dimurahin lagi",0,1,0.9701496958732605,happy,love
"produk diterima dengan baikk, sayangnya box banyak yang penyok, kalau bisa tambahkan opsi tambah bubble wrap, tidak apa2 tambah biaya agar buyer menerima box dalam keadaan sempurna",0,3,0.8195298314094543,happy,fear
udah 2x beli ga awet banget.yg pertama rusak rel nya macet. beli lagi eh relnya kendor ga mau kenceng beltnya,2,4,0.8928935527801514,anger,sadness
pernah tanya kapan expd nya katanya 10 2023 ternyata exp 2022. kesel aja uda bela2in beli disini yg jauh lebih mahal dr toko lain demi dapet expd 2023,2,3,0.5985318422317505,anger,fear
pembelian yg kesekian kali disini ?,0,1,0.9773528575897217,happy,love
sangat buruk menanggapi respon pembeli n katanya ada garansi tapi ada kerusakan malah tidak direspon ?,4,2,0.5768107175827026,sadness,anger
"kesekian kalinya order disini, gingseng nya ckup membantu untuk menaikkan imun tubuh dalam kondisi saat ini, selain bisa digunakan untuk soup ayam ,bisa juga direbus dan diminum air rebusannya, thank you?",1,0,0.5377589464187622,love,happy
"memory sdh sy pasang. ada 4 keping 8 gb ddr3, semua berfungsi dg baik. pengiriman lumayan cepat. recommended seller. ?",1,0,0.8187007308006287,love,happy
ga ada packing bubble nya,2,3,0.9170696139335632,anger,fear
"pengiriman lama banget, kurirnya gagal pickup terus.setrikanya ternyata besar dan lumayan berat. packingnya tipiss cuma bublewrap selapis.kualitas strikanya jg kurang menurutku, soalnya ga terlalu panas jd lama setrikanya",3,4,0.7827813029289246,fear,sadness
admin cs nya ga nyambung ditanya apa jawab nya apa,2,3,0.5218350291252136,anger,fear
pelayanannya sangat buruk,2,4,0.8522248864173889,anger,sadness
bagus bgt seller baikbgt minta tolong kirim hari ini karena buru2 buat kado lgsg dikirim dan hasil cetak fotonya jg bagusbgt?,0,1,0.991377592086792,happy,love
"sangat mengecewakan, hipseat dan baby carrier tidak bisa disambung karena tidak ada safety lock antara hipseat dan baby carrier dan hood pelindung kepala bayi tidak tersedia. semoga kedepannya deskrepsikan produk apa adanya, sehingga konsumen mengerti dan paham produck yg anda jual",3,4,0.9896876215934753,fear,sadness
"warnanya lucu, kecil, dan ringan. tp jd keliatan ga kokoh kayak mudah rusak. barang datangnya kayak ga baru, banyak yg lecet di body embernya. tangkainya mesti di wrapping biar ga gesek ke body ember",3,4,0.98256516456604,fear,sadness
warna yg dipilih kuning knp dikasih yg hijau?,2,3,0.7529194355010986,anger,fear
lama pengirimannya.,3,4,0.47705110907554626,fear,sadness
respon seller lambat. 2 hari dl baru barang dikirim.,3,4,0.9086145162582397,fear,sadness
tidak pengaruh,4,3,0.9219887852668762,sadness,fear
"ini pembelian yg ke 2, keren lah nyaman untuk olahraga.",1,0,0.8192639946937561,love,happy
"barang bagus sesuai deskripsi, murah tapi gak murahan ?",1,0,0.9902539849281311,love,happy
beda sekali kwalitas nya dgn penampilan foto.,3,4,0.981921911239624,fear,sadness
"pengiriman lama, barang nya cacat tolong diperbaiki layanan nya !",3,2,0.9869725108146667,fear,anger
respon cepat barang sesuai! sipppppppppp!,1,0,0.9631729125976562,love,happy
barang yg saya terima dari 9 hanya 1 kondisi masih bagus dan layak pakai,3,0,0.9782640337944031,fear,happy
"kualitas kurang bagus, kalau di pegang masih masih terasa banget seperti stiker dan benar setelah di tes gampang terkelupas, not recomended, kualitas begini banyak yg lebih murah",4,3,0.9904934763908386,sadness,fear
"persediaan stok buat kakak sekolah, selalu joyko pilihannya, barang original. terimakasih buat pelayanan yang diberikan terbaik deh",0,1,0.5497302412986755,happy,love
"bau makanan tidak nyaman, dan rasa tidak enak.",2,4,0.5127350091934204,anger,sadness
"pengiriman cepat, packaging hanya satu lapisan, warna tidak sesuai pesanan tapi no problem",0,3,0.7631121277809143,happy,fear
"bahan dan konstruksinya tidak kuat, mudah patah.",3,4,0.9799190759658813,fear,sadness
bahasa indonesia. diterima dengan baik. barang bagus dan ori. pengiriman cepat. mantapp jiwaaa ?,1,0,0.7000012397766113,love,happy
barang yang dikirim tidak sesuai yang dipesan.,3,4,0.9739073514938354,fear,sadness
"barang belum sampai sampai hari ini, toko pefia tolong reviwe lagi kerjasama dengan kurir antaraja itu, sangat lelet dan gak bertanggung jawab, barang belum sampai sdh di konfirmasi diterima pemesan hadeeehhh, kurir abal2.lama super lelet",3,2,0.9666802883148193,fear,anger
"tasnya bagus, ringan dan elegan. tapi sayang, dateng2 pas dibuka jahitan sebelah kanan sudah pada copot jdi lgsg saya bawa ke permak tas?",4,0,0.9554877281188965,sadness,happy
"tidak berfungsi dengan baik,suka mati sendiri",4,3,0.7098941802978516,sadness,fear
"dikirimnya lama, plus batrenya cuma 1500mah alias tdk sesuai pic.",3,4,0.840400218963623,fear,sadness
"berat 1 foam hanya 100 gram, tapi ditulis 600 gram, jika beli 10 foam, maka secara data 6 kg, tapi secara timbang fisik hanya 1kg, ini cara yg curang dari penjual utk dpt uang lebih dari ongkir yg pembeli bayarkan.",3,2,0.47882264852523804,fear,anger
order 11 datangnya cuma 6. sedih banget. not recomended,4,3,0.9690723419189453,sadness,fear
"seller bertanggung jawab, bahan celana adem. recommended",1,0,0.593531608581543,love,happy
"kurmanya bagus, dagingnya empuk dan tebal. mau coba pake buat bikin kue. bakal langganan nih, semoga kualitas kurmanya bagus terus ya. terima kasih seller!",0,1,0.8783361315727234,happy,love
"pembelian kedua. seller, seperti biasa, responsif. pengemasan barang sangat baik, dengan bubble wrap dan menggunakan kotak lagi. kualitas kimchi segar dan enak. overall, good job!",0,1,0.9298603534698486,happy,love
banyak yang tergores seperti bekas.habis itu bagian bawah kayunya patah!,3,2,0.8062379956245422,fear,anger
bolong coy. packing parah bgttttt. lakban semua jadi robek2 ketika dicabut,3,2,0.9884498119354248,fear,anger
packing kardusnyasperti udh di buka. gk rapih.,4,3,0.8850923776626587,sadness,fear
"produk tidak ori kw ,tidak bekerja dengan baik.dikirim 2 pgp tidak bekerja di 2 hp saya lenovo n advan.cuma jadi bangkai.after sales buruk,respon seller kurang.no recommended.",3,4,0.5767302513122559,fear,sadness
"barang rekondisi, lain kali jualan yang jujur bos. jangan barang bekas direkondisi.",2,3,0.9111838340759277,anger,fear
"produk asli, murah, pengiriman cepat. abang kurir nya jg baik bgt, jagain bener paketnya smp masukin tas biar ga basah kena hujan.diantr malem2 smbl minta maaf.duhh murah rejekinya ya",0,1,0.9216635227203369,happy,love
"barang yang sampai cacat, tidak ngisi baterai stick nya",4,3,0.710560142993927,sadness,fear
konsumen ga dianggap. attitude merupakan hal pokok dan semestinya tetap dinomorsatukan.,2,3,0.915942370891571,anger,fear
bagus banget bahan nya juga adem ini bakal jadi langganan saya order baju tidur untuk suami ?,0,1,0.9908139109611511,happy,love
"kurang teliti, saya pesan hitam 1 dan merah 1 yg dikirim hitam semua",2,4,0.9325719475746155,anger,sadness
g dikirim sm bubble wrap t.t,3,4,0.6604115962982178,fear,sadness
"ya utk harga 100an lumayan worth, cuma rgb kanan dan kiri ga selaras sih, sama ada deflect gara gara pengiriman mungkin.",4,3,0.972671389579773,sadness,fear
"gampang dibawa bawa, terlalu imut ukurannya",1,0,0.8549562692642212,love,happy
"ga bisa di pakai,",3,4,0.9835482239723206,fear,sadness
"barang sudah sampai, nanti di update bintang, mau cek kondisi barang dulu",0,3,0.9392030835151672,happy,fear
"bukan dendeng daging sapi asli, semacam campuran",3,2,0.880038857460022,fear,anger
"belanja kedua kalinya, selalu puas. pengiriman lumayan cepat. overall bagus banget",0,1,0.9735144972801208,happy,love
"pesen tanggal 10, barang baru sampe tanggal 20 padahal sesama jakarta, dichat katanya udah dikirim dari tanggal 11, padahal pas di tracking tanggal 12 aja tulisannya reschedule pickup karena parcel belum ready untuk dipick up. ini adidas official tapi pelayanannya gini hadeh",2,3,0.5747182369232178,anger,fear
pakingnya kurang aman. di pakein dus tipis doang. pdahal elektronik dg barang riskan pecah kalo di tumpuk brng lain,4,3,0.9742709398269653,sadness,fear
"bubel gak di kasih, padahal ud atc.",3,2,0.9004793167114258,fear,anger
suaranya tetep ae kecil ?,3,4,0.9223757386207581,fear,sadness
jelek mudah rusak,4,2,0.9830501675605774,sadness,anger
patah2 dan barang nekas di buka dari packaging nya,3,4,0.9817464351654053,fear,sadness
"beli 11, dikirim cuma 6, komplain no respon, gak solutif, rugi beli disini, kapok ?",2,3,0.9600038528442383,anger,fear
barang diterima dengan kondisi pinggirannya patah.,3,4,0.9278824925422668,fear,sadness
"brang nya kurang 1 item, beli 3 yg dtng 2",3,4,0.8620595932006836,fear,sadness
"seller helpful banget, barang sudah diterima dengan baik dan sudah di tes ?",0,1,0.9834339618682861,happy,love
gabisa di pakai kcewa dahhh,4,2,0.6909776926040649,sadness,anger
"beli 2 beda warna, tp sama sis nya dikirim warna yg sama. udah terlanjur dipack sama sis nya, diganti ovo lho ke saya. padahal sy terima 2 barang. tanggung jawab sekalii. celana sesuai deskripsi.",0,4,0.9615620970726013,happy,sadness
"kualitas jelek,suara mic udah max suara kecil ,",4,2,0.5967580080032349,sadness,anger
"ditinjau dr kesesuaian dg deskripsi, fungsional produk dan rekomendasi produk adalah tepat, sesuai dan baik.",1,0,0.9789513945579529,love,happy
selalu puas dan langganan pengiriman super cepat top pokoknya?,0,1,0.8916913866996765,happy,love
mantap barangnya next order lagi barangnya original ?,0,1,0.9663907289505005,happy,love
pengiriman cepat bgt.mantap. sukses selalu yaaa,0,1,0.7863184213638306,happy,love
"hore dpt harga kejar diskon. trnyata produk ori, paking aman, isiny byk n pulpen ny enak d pakai. anak juga suka bgt. makasih joyko",0,1,0.983812153339386,happy,love
ada busa yg telurnya kempes,3,4,0.9157974123954773,fear,sadness
udah kesobek makanan kucing nya alot,4,3,0.9789205193519592,sadness,fear
akhirnya kesampaian dpat produk ini dengan harga yang pas. barangnya juga memuaskan. desain sangat unik. sangat cocok buat relaxing. terima kasih.,0,1,0.9429140090942383,happy,love
"wo thanks banget untuk kartunya, sangat amat menolong sekali buat backpackeran dikorea",0,1,0.9800204038619995,happy,love
cepat pwngirima.tp sayanng beli 6 buku tp ada 1 buku yang sebagian halamannya kepotong sehinggaa 1 buku tsbut jd tidak bs dipakaii.sy sudah keburu konfirmasi penerimaan tanpa melihat bukunya dl.stlah konfirmasi dgn penjual alias japri jawaban kurang memuaskan.,4,3,0.5638393759727478,sadness,fear
"sepertinya bukan gepuk fresh, rasanya gak enak dan 3 hari kemudian dah berjamur. sayang bgt padahal beli banyak dibuang semua deh",4,3,0.5521421432495117,sadness,fear
"barang sampai dengan selamat, mic berfungsi tapi emang kualitasnya tidak sampai bisa meredam suara di sekitar",4,0,0.710840106010437,sadness,happy
paking oke bagus. mohon perbaikan. stik bergetar terus tanpa henti. mesin agak sering hang mau ganti game. mohon diperbaiki gan. selisih ongkir juga. trims.,3,0,0.47206446528434753,fear,happy
"produk original, packing aman, seller fast respon, kurir ramah, promo tokped terpakai ?",0,1,0.707897424697876,happy,love
"barang yg dikirim tdk sesuai, harusnya cat kuku, yg datangnya eyesedo",4,2,0.8826155066490173,sadness,anger
"saya beli 2, mohon maaf sebelumnya, sudah saya minta tolong untuk mencoba tes fisik dulu sebelum kirim. tdk tahu d coba atau belum, tp sepertinya tdk d coba. alhasil ada 1 yang cacat. ujung2nya pembeli harus return. itu hal yang merepotkan pembeli. maaf saya beri 2b",3,4,0.7397509217262268,fear,sadness
"produknya ok sangat bermanfaat utk mrnjaga dan merawat kebersihan anabul, sudah langganan beli . terimakasih seller",0,1,0.8899019360542297,happy,love
"pengiriman cepet bgt, dapat bonus pouch, packing rapi dan sangat memuaskan, lanjutkan kak pelayanan baiknya kalo bisa tingkatkan. terima kasih.",1,0,0.8071795105934143,love,happy
lengkap bagus pengiriman cepat dan tepat terpercayaa nomor 1 seindonesia,1,0,0.5475893020629883,love,happy
tidak sesuai dengan pesanan tidak dilaminasi namun sudah di refund hanya biasa laminasi.,4,3,0.9159526824951172,sadness,fear
gak sesuai gambar disitu gulanya yg hijau kenapa dikirimnya yang kuning sih beda mereka harganya rasanya juga beda lbh enak yg hijau kenapa begini tokped jd pengguna baru malah nyesel,3,4,0.7849763631820679,fear,sadness
"seller ramah, pengiriman cepat. gak nyangka ternyata paketnya bagus banget dan kacamatanya memang sangat berguna buat orang yang sering pakai hp?",0,1,0.6415672302246094,happy,love
proses packing lambat,4,3,0.6999773979187012,sadness,fear
bahannya kelihatan murah,3,0,0.8058816194534302,fear,happy
barang gak sesuai.order warna hitam polos yg dtg malah motif,3,4,0.9749622344970703,fear,sadness
"lucu,thankyou",0,1,0.878178060054779,happy,love
"barang yg dikirim ternyata cacat produk, sisi yg satunya lepasan tdk ada ukuran pengait nya,",3,4,0.7062339782714844,fear,sadness
di minta warna dusty sma abu abu di kirim abu abu ama pink,4,3,0.6797844767570496,sadness,fear
"ga sesuai expetasi, lebih mirip singlet drpd tanktop, beli putih 2, hitam 2 yg dikirim hitam semua pdhal sblm order sdh tanya saat cekout jg yg dipilih hitam, putih, packing rapi , pengiriman agak lama , penjual responsif",4,0,0.9041664600372314,sadness,happy
"pas pertama datang barang nggak berfungsi. coba2 lagi akhirnya sempat berfungsi. suara keterima dgn baik. transaksi langsung saya klik selesai. tapi besoknya ternyata error lagi sampai sekarang. sebetulnya di sisi penjual nggak ada masalah, pertanyaan dijawab dgn baik. cuma produk error setlh transaksi diklik selesai. nggak yakin juga bakal bisa diretur. kepaksa ulasan diedit jadi bintang 1. jadi balik lagi deh pake yg model kabel.",3,4,0.6745020747184753,fear,sadness
"paket cepat sampai dan terbungkus rapih dengan bubble. terima kasih toped, kurir dan sellerkualitas product bagus. material bagus. harga terjangkau. recomended.",1,0,0.7644616961479187,love,happy
"colokan adaptor mengalami kerusakan, respon seller butuh berhari2, diajak diskusi untuk cara memperbaiki sendiri tidak dibalas, akhirnya repair sendiri",3,4,0.5968806147575378,fear,sadness
masa baru dateng langsung rusak,2,4,0.4486369788646698,anger,sadness
komplain krn jam di setting masi tidak menyala jawaban dr admin hanya ok,3,4,0.7163669466972351,fear,sadness
packing rapi.barang sesuai produk.fast respon chat.pesanan 24jam sampai.top markotop,0,1,0.6585922241210938,happy,love
"uda biasa blanja di abbot, baru kali ini dateng penyok semua.ga tau ini promo gara2 emang abisin stok penyok atau toko cabangnya yg bermasalah, yg uda pasti ngga bakal belanja lagi di toko cabang d.",2,3,0.6852986812591553,anger,fear
"terimakasih banyak untuk toko ini. saya kelupaan beli lilin ultah. jadi baru hari h 1 acara. syukur puji tuhan lilin bisa sampai tepat waktu, padahal dikirim keluar kota.",1,4,0.8961377143859863,love,sadness
penjual kurang responsif saat diajukan pertanyaan tentang barang yg dikirim. jd kecewa bngt. ndak recomended sm penjual kyk gini. saran bwt toko cari pegawai yang sikapnya enak dan responsif kepada pelanggan. agar pelanggan merasa puas dan senang dengan pelayanan,3,4,0.6289424300193787,fear,sadness
pengiriman lama. cuma penjualnya responsif. blm bisa kasih bintang 5,0,4,0.9034895896911621,happy,sadness
"suka, jilbabnya bagus nyaman dipake?",1,0,0.8941618204116821,love,happy
ini barang keterlaluan sih bilang ukuran 60x90 tp sunat bahannya keterlaluan banget. terlihat di foto underpad saya yg lama merk lain jauh lbh besar dan lbh tebel. bkn masalah harga cuman 50rb an tp kesel aja liat penjual kasih spek tp jauh banget dari ukuran sebenernya. kapok deh ga bakal beli merek ini lagi. terima kasih,3,2,0.4785393476486206,fear,anger
"salah kirim, bisa sih diselesaikan baik baik, tapi males aja.",4,2,0.9586666226387024,sadness,anger
deskripsi warna kurang sesuai,3,4,0.848738431930542,fear,sadness
pengiriman tidak sesuai estimasi,3,4,0.8296288847923279,fear,sadness
lebih kecil. ndak muat di mesin cuci elextrolux overal bhanya bagus anti air,3,0,0.8498141169548035,fear,happy
barang bagus kualitas bagus harga terjangkau recommended,1,0,0.5883116722106934,love,happy
barang tidak dapat di operasikan . sudah menghubungi customer service belom ada response,2,3,0.6056258082389832,anger,fear
secara keseluruhan sudah bagus namun bagian dalam kadang suka copot copot,0,4,0.446503609418869,happy,sadness
"adminnya lambat. barang juga tidak sampai di tangan saya setelah menunggu hampir 3 minggu. padahal saya ada transaksi dari beberapa toko di hari yang sama dan semuanya sudah sampai maksimal 3 hari setelah saya pesan.dari pihak kurir katanya udah sampai dan diterima keluarga dekat, padahal nama penerimanya aja ga kenal.terus komplain ke toped, baru direspon setelah hampir 2 mggu dan akhirnya diputuskan dari pihak toped untuk direfund.",2,3,0.7991814613342285,anger,fear
"love it, product bagus. worth it. thank you?",1,0,0.9612529277801514,love,happy
mantap proses dan pengiriman sangat cepat pokonya puas ! dah gitu aja,1,0,0.9061105251312256,love,happy
kendaraan menjadi kinclong kembali! mantap.,0,1,0.9892359375953674,happy,love
"anjing ternyata palsu ini barang bangsat2 awas ketipu oi, yang asli ada segel distributor nya",2,3,0.72320955991745,anger,fear
"bagus produknya, enak marumiya rice topping furikake nya, bisa juga untuk bubur, harga terjangkau, recommended",1,0,0.5504136085510254,love,happy
"catatan saya beli produk ini karna hadiahnya penting hal yang perlu diperhatikan jika mengadakan hadiah promo mesti transparan apakah hadiahnya atau tidak, apa lagi yang sangat disayangkan akun oficial store, dari pihak toko pedia juga mesti meninjau, apakah promosi ini transparan atau menjebak semoga tidak lagi yang kecewa seperti saya?",3,4,0.689681887626648,fear,sadness
berfungsi tapi sayangnya penyok,0,4,0.5412114858627319,happy,sadness
official store produknya cuman d bungkus plastik ? sebercanda itu tokopedia lolosin ini toko jadi official store,2,3,0.8264256715774536,anger,fear
bahan jelek mudah patah .baru dua x pakai saja sudah patah jarumnya dan pegangannya keras sekali sungguh sangat merepotkaan dan membuta kerja lebih lambat .lebih baik beli yang agak mahal tapi lebih berkualitas,3,4,0.8355886936187744,fear,sadness
po udah sebulan gak sampai cm d kirim voucher dan di janjikan minggu k 3 bulan juni di kirim . cuman sampe skrg udh akhir bulan juni blm terima juga di chat gak balas?,3,4,0.796894907951355,fear,sadness
tidak sesuai gambar. janggan percaya ama seller ini penipu. kualitas jelek.,2,3,0.9428038001060486,anger,fear
"sebenernya barangnya ok. tapi pengirimannya lama banget, pesan tgl 9 masa sampainya tgl 17 ?",4,3,0.6235002875328064,sadness,fear
"baru dibuka dan ditutup lagi, sudah patah. kualitas jelek banget",4,2,0.9882209897041321,sadness,anger
"pengiriman cepat, packaging nya okeee banget, isinya sesuai, ga gampang macet pas dipakai, pokonya bagusss bangettt terima kasih joyko?",0,1,0.9584724307060242,happy,love
"yaampunnn. mentang rp. 0 x nih yah krna penguna baru. baju sih baju tapi gimna mau dipake lobang lehernya itu kecill amed, anak yg 11 tahun pun gak bisa pakai. padahal mah lumayan lah bahannya walaupun tipis.",2,4,0.9474706649780273,anger,sadness
"udah bbrp kali beli disini di app ijo oren , puas dgn barangnya. hanya saja di pembelian terakhir ini, kecewa sih. saya beli oyster cement, dengan asumsi warnanya abu muda seperti dove grey cement, hanya saja lebih mulus teksturnya sprti di katalog . sudah saya cari referensi foto2 ulasan juga blm menemukan foto realnya. jadi saya order saja. ternyata pas datang, hasilnya jauh lebih kuning dari bayangan. lalu saya bandingkan dengan dove grey cement saya dari pembelian sebelumnya, tnyata beda banget photo attached . mgkn lain kali seller kalo foto produknya, disetting dulu lighting white balancenya supaya akurat netral warnanya antar produk. seller jg kurang komunikatif, sblmnya pernah minta foto produknya yg lebih jelas zoom in, tidak diberikan. bagi customer selanjutnya, pls note oyster cement sprti ini ya. plus point packing rapi pengiriman cepat",4,3,0.581939697265625,sadness,fear
"1. pesan abu abu yg dtg pink. yakali bapak pake pink 2. kalo mmg abu abu habis, ada loh fitur chat untuk konfirmasi ke pembeli, bersedia ganti warna atau tidak3. kardus rusak, barang lama dijual kembali 4. penjual tidak meminta maaf atas kesalahan yg dilakukan, dan tidak memberikan solusi atas kekeliruan yg terjadi 5. penjual prosesnya lama banget, beli jumat pagi diproses senin alasannya sabtu minggu libur. kayak pns ya. 6. barangnya gak nyaman banget, sakit kalo dipake terutama di bagian panggul. kesimpulannya not recommended seller at all!",2,3,0.98222416639328,anger,fear
"sablonnya pudar dan tipis bahannya tipis,but worth it for the price",0,3,0.6794922947883606,happy,fear
"produk tidak berfungsi baik, toko gak amanah, malah pembeli disuruh balikkin produk lagi buang ongkir aza 2x ! toko gak baik! jangan beli disini!",3,2,0.9743601083755493,fear,anger
"roll diambil 1 4. nampak dari potongan sudah mencong mencong. jualan yang benar, jangan hanya ingin untungnya saja",2,3,0.979397714138031,anger,fear
jangan lupa gaes diorder toko ini,1,3,0.84255051612854,love,fear
